CustomerID,Name,Gender,Age,Email,Country,RegistrationDate
C0001,Sherry Price,Female,27,rogersjeffrey@example.net,Trinidad and Tobago,2022-09-15
C0002,Tammy Martin,Female,28,megan27@example.com,Saudi Arabia,2020-12-11
C0003,Kimberly Davis,Male,23,sandra94@example.org,Barbados,2020-08-02
C0004,Mary Romero,Female,25,andre83@example.org,Tuvalu,2020-05-29
C0005,Bradley Jones,Female,39,eadams@example.net,Burkina Faso,2022-06-21
C0006,Garrett Wade,Female,48,richard03@example.net,Heard Island and McDonald Islands,2022-11-23
C0007,Todd Luna,Female,38,natalie59@example.com,Serbia,2021-05-24
C0008,Alexis Sampson,Male,64,fcastillo@example.net,Myanmar,2022-12-02
C0009,Christopher Ortega,Male,54,emyers@example.com,Mexico,2022-12-04
C0010,Robert Koch,Male,48,kanecharles@example.com,Cote d'Ivoire,2024-11-12
C0011,Joseph Bradshaw,Female,41,rubenbean@example.com,Jordan,2023-08-06
C0012,Wanda Garza MD,Male,64,moonwilliam@example.com,Italy,2021-03-30
C0013,Dawn Peterson,Female,59,terri44@example.net,Gambia,2021-12-21
C0014,Patrick Compton,Male,44,russell62@example.org,French Polynesia,2021-03-20
C0015,Mark Duncan,Male,36,estradamorgan@example.net,Portugal,2023-02-12
C0016,Ryan Smith,Male,61,travismcclain@example.net,Tokelau,2020-11-07
C0017,John Mathews,Male,43,adambennett@example.org,Turks and Caicos Islands,2020-08-05
C0018,Cameron Patel,Male,32,psmith@example.org,Belize,2023-12-22
C0019,Jennifer Pena,Male,50,richardsonrachel@example.net,Colombia,2020-12-03
C0020,Stephanie Kelly,Male,45,nashdonald@example.com,Azerbaijan,2022-02-02
C0021,Kaitlin Strickland,Male,18,millermario@example.org,Zimbabwe,2024-03-07
C0022,Ashley Johnson,Male,49,natalieholmes@example.com,Nigeria,2023-08-31
C0023,Christie Hamilton,Male,63,james66@example.net,Swaziland,2023-01-28
C0024,Scott Salas,Female,34,linda17@example.net,Gambia,2022-09-09
C0025,Brandon Nguyen,Female,34,amanda89@example.com,Malaysia,2024-11-21
C0026,Clifford Cunningham,Male,27,uhiggins@example.org,Oman,2020-04-23
C0027,Whitney Smith,Female,55,jwalker@example.net,Saint Kitts and Nevis,2021-08-09
C0028,Michael Smith,Female,18,yjones@example.net,Korea,2022-05-23
C0029,Kendra Davis,Male,52,megan62@example.net,Australia,2024-07-25
C0030,Steven Gibson,Female,48,gallowayallen@example.org,Switzerland,2022-02-05
C0031,Cameron Booth,Male,21,james64@example.net,Chile,2022-01-31
C0032,Tina Richmond,Female,64,stephenwong@example.com,Montserrat,2023-03-05
C0033,Lisa Carroll,Male,22,ocook@example.com,South Georgia and the South Sandwich Islands,2021-10-26
C0034,Yolanda Friedman,Male,47,stevengarrett@example.net,Ireland,2022-01-26
C0035,Jennifer Gilmore,Male,29,areed@example.com,Anguilla,2020-02-15
C0036,Ashley Garcia,Female,61,michael67@example.com,Bulgaria,2020-05-01
C0037,Courtney Johnson,Female,18,thomas05@example.org,Falkland Islands (Malvinas),2021-10-03
C0038,Amanda Mercer,Female,39,pmartinez@example.com,United States Minor Outlying Islands,2021-01-12
C0039,Christopher Wallace,Male,62,christine01@example.com,Maldives,2021-11-19
C0040,Kent Rivas,Male,36,tammynorton@example.net,Mauritania,2023-05-22
C0041,Autumn Jackson,Male,58,jessica98@example.com,Cuba,2020-07-25
C0042,Devin Anderson,Female,44,rickykelly@example.org,Antigua and Barbuda,2020-08-21
C0043,Mr. David Marquez,Male,54,ryan83@example.com,Vanuatu,2023-08-20
C0044,Robert Brady,Male,50,martinchris@example.net,Peru,2022-12-07
C0045,Donna Melton,Male,54,douglasmills@example.org,Swaziland,2023-03-16
C0046,Rebecca Thompson,Female,22,gwallace@example.org,Iraq,2023-07-10
C0047,Jennifer Jones,Male,61,lindseyjohnson@example.com,Heard Island and McDonald Islands,2022-01-08
C0048,Bryan Valenzuela,Female,59,michaelfischer@example.net,Saint Helena,2021-04-11
C0049,Crystal Walls,Female,38,lindasmith@example.net,Saint Lucia,2020-09-25
C0050,Christie Sullivan,Male,55,daniel27@example.net,Kyrgyz Republic,2023-04-13
C0051,Elizabeth Everett,Male,36,pamelaprice@example.net,Jersey,2021-12-15
C0052,Paul Fisher,Female,31,nallen@example.net,Germany,2024-04-18
C0053,Jamie Fox,Male,23,dpope@example.net,United States of America,2023-01-10
C0054,Andrea Clark,Male,51,davisamy@example.org,Andorra,2020-05-19
C0055,Kenneth Morales,Male,25,jacksonjames@example.org,Ethiopia,2020-09-02
C0056,Tammy Taylor,Female,19,aaron21@example.org,Morocco,2024-09-28
C0057,Tracie Kim,Male,32,holdenallison@example.org,Palau,2024-01-19
C0058,Deborah Perez,Female,39,tgross@example.net,Iceland,2023-02-11
C0059,Tara Hayes,Male,42,johnsonamanda@example.net,Mauritania,2020-02-25
C0060,Thomas White,Female,56,jbrown@example.net,Pitcairn Islands,2023-08-16
C0061,Patricia Arroyo,Female,38,matthew63@example.org,Nicaragua,2021-08-12
C0062,Catherine Ramirez,Female,46,patriciacannon@example.com,Guinea,2023-09-09
C0063,John Jackson,Female,36,jenningsjohn@example.net,Heard Island and McDonald Islands,2023-05-06
C0064,Roy Lopez,Female,52,richardsdebbie@example.net,Tajikistan,2024-02-05
C0065,Crystal Clark,Male,46,paynekathryn@example.com,United States Minor Outlying Islands,2021-04-26
C0066,Sharon Anderson,Male,52,meganfrost@example.net,Pitcairn Islands,2024-07-02
C0067,Sarah Ross,Female,49,teresa78@example.org,Malta,2022-07-31
C0068,Jessica Cox,Female,48,yvette76@example.org,Belarus,2022-10-09
C0069,Elizabeth Sellers,Female,25,caleb59@example.org,San Marino,2023-05-23
C0070,Amber Schwartz,Female,41,cookjoshua@example.org,Chad,2023-07-28
C0071,Christina Baker,Male,21,acevedokristina@example.org,Monaco,2023-04-01
C0072,Mark Frank,Male,39,stephensmichele@example.net,Iran,2022-09-19
C0073,Kevin Griffin,Male,25,christianroy@example.net,Ghana,2022-12-30
C0074,Tony Ortega,Male,34,cainsusan@example.com,Uzbekistan,2023-01-29
C0075,Joseph Rowe,Male,62,lindsaydillon@example.net,Myanmar,2021-09-25
C0076,Shelly Wilson,Male,42,santiagobarbara@example.net,Haiti,2020-01-20
C0077,Rebecca Gray,Male,21,qchung@example.net,Albania,2021-07-03
C0078,Lee Anderson,Male,62,heather74@example.org,New Zealand,2020-09-08
C0079,Dale Jackson,Female,48,zpalmer@example.com,Slovenia,2024-07-06
C0080,Troy Ponce,Female,54,laurenrios@example.org,Congo,2022-12-18
C0081,Jessica Evans,Female,35,claytonrachael@example.com,Martinique,2021-05-09
C0082,Trevor Cook,Male,57,velasquezsusan@example.com,Bolivia,2024-08-29
C0083,Brent Hill,Male,53,grantmatthew@example.com,Spain,2021-05-18
C0084,Clayton Whitaker,Female,52,vherrera@example.net,Guadeloupe,2023-06-07
C0085,Jill Lewis,Female,61,kimstephen@example.com,Bulgaria,2023-08-30
C0086,Christopher Curtis,Male,65,legregory@example.org,Thailand,2022-08-21
C0087,Christopher Dunn,Male,46,cnewman@example.org,Tonga,2024-07-16
C0088,Lisa Zimmerman,Female,42,brianna66@example.org,Christmas Island,2021-08-13
C0089,Michael Bradford,Male,53,cory69@example.org,Brazil,2020-03-08
C0090,Brian Mcmahon,Male,57,iancox@example.com,Panama,2021-01-18
C0091,Michael Young,Male,49,peterwarren@example.org,Mayotte,2022-08-08
C0092,Anna Fox,Male,18,charles93@example.org,Gambia,2024-03-22
C0093,Tony Allen,Female,34,seanfox@example.org,Moldova,2022-02-05
C0094,Paul Burke,Female,20,anna88@example.net,Fiji,2022-11-11
C0095,Leah Phillips,Female,60,edwardmckinney@example.com,Albania,2020-06-06
C0096,Rhonda Riley,Female,38,cstokes@example.org,Jordan,2024-06-21
C0097,Renee Johnson,Female,34,parkerdavid@example.com,San Marino,2020-02-25
C0098,Tiffany Grant MD,Male,64,tanya58@example.com,Saudi Arabia,2020-06-21
C0099,Christopher Gomez,Male,46,craighamilton@example.com,Turkmenistan,2024-04-01
C0100,Jason Rodriguez,Male,59,christinawilliams@example.org,Romania,2024-03-25
C0101,Autumn Armstrong,Male,41,anthonyroberson@example.com,Swaziland,2022-10-05
C0102,Zachary Lee,Female,57,ggarner@example.org,Cape Verde,2020-08-15
C0103,Nicholas Hall,Male,50,tamara68@example.net,Svalbard & Jan Mayen Islands,2020-09-02
C0104,Dennis Davis,Female,32,jasonnavarro@example.net,Belize,2020-11-24
C0105,Olivia Ross,Male,47,antoniocraig@example.org,Estonia,2022-09-27
C0106,Julie Cochran,Female,48,markmartinez@example.net,Malawi,2023-04-16
C0107,Katherine Bender,Male,29,kbarrett@example.org,Jordan,2020-07-25
C0108,Keith Shaffer Jr.,Female,25,qjohnson@example.com,Gambia,2023-10-16
C0109,Michael Mills,Male,48,jamesjones@example.com,Bhutan,2021-12-14
C0110,Ryan Clark,Female,37,thomasfarrell@example.com,Svalbard & Jan Mayen Islands,2024-10-20
C0111,Paula French DDS,Male,27,nperez@example.com,Mayotte,2022-11-09
C0112,Jeffrey Cook,Female,58,kperez@example.com,North Macedonia,2022-07-24
C0113,Meghan Singh,Male,49,ramirezamy@example.net,Rwanda,2024-11-25
C0114,Mark Shaw,Male,42,catherinecox@example.com,Costa Rica,2024-08-02
C0115,Emily Walker,Female,32,troy88@example.net,Norfolk Island,2024-02-27
C0116,Hannah Moreno,Male,52,pattymann@example.org,Saint Lucia,2022-09-28
C0117,Rodney Morgan,Male,41,garrett46@example.org,Korea,2024-06-20
C0118,Jay Nguyen,Female,61,harrisstephanie@example.com,Cocos (Keeling) Islands,2024-12-20
C0119,John Reese,Female,39,pzimmerman@example.net,Zimbabwe,2021-07-17
C0120,Holly Cox,Female,65,cruzkevin@example.net,Norway,2022-06-03
C0121,Susan Gray,Female,44,anthonystevenson@example.net,Argentina,2022-08-21
C0122,Megan Nguyen,Female,56,alevine@example.com,Benin,2023-01-29
C0123,Chad Lawson,Male,58,kathrynweaver@example.net,Qatar,2023-08-20
C0124,Mark Jackson,Male,46,jenniferdavis@example.com,Czech Republic,2023-05-08
C0125,Lisa Lynch,Female,41,heatherdavis@example.org,Georgia,2024-01-28
C0126,Benjamin Ward,Female,25,jfrazier@example.net,Indonesia,2022-01-28
C0127,Thomas Carpenter,Male,28,gillespiechristopher@example.org,Lithuania,2023-08-09
C0128,Alyssa Bowers,Male,27,natalielogan@example.org,Puerto Rico,2022-10-03
C0129,Andrew Carter,Male,33,robynhughes@example.net,Heard Island and McDonald Islands,2024-10-11
C0130,Sergio Lopez,Female,19,melissa11@example.net,Turkey,2024-10-08
C0131,David Nelson,Male,37,saundersbonnie@example.com,Norfolk Island,2022-02-25
C0132,Karen Mcmahon,Male,24,veronicaarellano@example.com,American Samoa,2024-12-23
C0133,Andrew Wright,Male,56,carterjacqueline@example.org,Sri Lanka,2022-04-08
C0134,Dorothy Russell,Male,58,marie64@example.com,India,2021-11-27
C0135,Jonathan Neal,Male,44,jeremy76@example.net,Monaco,2020-12-19
C0136,Brian Moody,Female,49,yvonnegray@example.net,Mauritius,2020-01-30
C0137,James Henderson,Male,37,josephmcmillan@example.com,French Polynesia,2020-11-18
C0138,Ricky Williams,Female,32,johnsonjames@example.com,Saint Vincent and the Grenadines,2024-08-26
C0139,Michael Moore,Female,21,thompsonsherry@example.net,Germany,2022-10-08
C0140,Kathy Walker,Male,57,wilsonjason@example.org,Bolivia,2021-10-14
C0141,Stacy Green,Male,23,jlarson@example.org,Cayman Islands,2021-01-17
C0142,Ruth Reid,Male,47,sdavis@example.org,Vanuatu,2022-08-30
C0143,Brittney Hayes,Male,30,hooperethan@example.net,Greece,2021-05-06
C0144,Edwin Guerrero,Female,63,perrywhitney@example.net,Korea,2020-02-16
C0145,Donald Schwartz,Male,20,amandaduncan@example.net,Congo,2024-01-18
C0146,Paul Graham,Male,28,jillpotts@example.net,Tanzania,2021-10-23
C0147,Dr. David Macdonald,Female,32,justinbeck@example.com,Western Sahara,2020-03-30
C0148,James Martinez,Male,31,richardsonrhonda@example.com,Sierra Leone,2024-01-04
C0149,John Gibson,Female,43,whitneynelson@example.net,Luxembourg,2023-02-20
C0150,Brendan Mcdonald,Male,35,luisrobinson@example.com,Samoa,2024-01-07
C0151,Adam Rivera,Male,60,benjaminweaver@example.net,Malaysia,2022-06-27
C0152,Christopher Boone,Male,48,cuevaschristopher@example.com,Lebanon,2024-09-23
C0153,Kimberly Parker,Male,64,tylerkramer@example.org,Greece,2022-02-06
C0154,Jennifer Miller,Female,44,moralesmark@example.net,Ethiopia,2020-11-09
C0155,Angela Brown,Female,35,mroberts@example.org,Ireland,2021-03-09
C0156,Jonathan Brown,Female,46,deandavid@example.com,Saint Lucia,2020-12-31
C0157,Wanda Hines,Female,18,qbarnes@example.org,Slovenia,2024-10-28
C0158,Leslie Macdonald,Male,22,jennifer45@example.org,Argentina,2024-11-05
C0159,David Nelson,Female,29,matthewelliott@example.org,El Salvador,2024-05-30
C0160,Christopher Preston,Male,46,glenngarcia@example.net,Slovakia (Slovak Republic),2024-06-13
C0161,Kathy Juarez,Male,43,reedlisa@example.org,Luxembourg,2020-10-30
C0162,Rose Williams,Female,63,anthony73@example.net,Israel,2020-08-13
C0163,Ralph Johnson,Female,51,ltorres@example.org,Reunion,2023-06-09
C0164,Rebecca Vargas,Male,65,ndavis@example.org,Guadeloupe,2020-04-17
C0165,James Kaiser,Male,40,guerrabrandon@example.com,Cambodia,2020-06-25
C0166,Tina Everett DVM,Female,18,johnbarrera@example.com,Dominican Republic,2023-08-21
C0167,Jessica Smith,Female,38,xwilkerson@example.org,Central African Republic,2023-08-09
C0168,Thomas Hampton,Female,61,martinmichelle@example.com,Venezuela,2023-11-06
C0169,Elizabeth Johnson,Male,59,bennettcharles@example.com,Bhutan,2020-03-11
C0170,Breanna Baxter,Male,51,contrerasalexander@example.org,Cape Verde,2024-03-19
C0171,Jenny Allen,Male,63,deborah84@example.com,Fiji,2020-07-23
C0172,William Carrillo,Male,52,davidking@example.org,Iceland,2022-01-15
C0173,George Velasquez,Female,47,fnguyen@example.com,Azerbaijan,2020-04-16
C0174,Jacqueline Wells,Male,25,kathleen28@example.net,Bouvet Island (Bouvetoya),2024-03-26
C0175,Robert Ward,Female,22,xhernandez@example.com,Namibia,2021-02-01
C0176,Karina Pena,Male,39,yfletcher@example.org,Bosnia and Herzegovina,2022-08-01
C0177,Christine Rangel,Female,24,dsellers@example.net,Syrian Arab Republic,2020-10-25
C0178,Randy Morris,Female,62,amandaferguson@example.com,Australia,2024-05-10
C0179,James Horn,Female,20,cody79@example.org,Lebanon,2021-12-22
C0180,Kristi Whitehead,Male,30,zthomas@example.net,New Caledonia,2023-03-08
C0181,Brenda Mason,Male,51,gentrydavid@example.org,Comoros,2023-07-11
C0182,Crystal Cox,Male,60,dtorres@example.com,Malaysia,2024-09-27
C0183,Kayla Price,Female,26,ellen85@example.net,Iceland,2023-09-23
C0184,Jerry Andrews,Female,34,webermichael@example.net,Tanzania,2021-06-25
C0185,Maria Melton,Female,23,valerie13@example.com,Holy See (Vatican City State),2023-06-06
C0186,April Sullivan,Female,48,david11@example.net,Micronesia,2022-03-12
C0187,Heather Clark,Female,33,jamessmith@example.org,Switzerland,2022-08-16
C0188,Robert Rosario,Female,32,robinsoncole@example.org,Jersey,2024-06-04
C0189,David Roberts,Male,60,laura68@example.com,Tunisia,2020-11-23
C0190,Todd Gordon,Female,30,ramoskevin@example.org,Morocco,2021-12-24
C0191,Audrey Thompson,Female,52,christinajenkins@example.org,Timor-Leste,2023-07-24
C0192,Lori Pearson,Female,32,hhernandez@example.org,Poland,2022-06-25
C0193,Pamela Sanchez,Male,62,reidalexis@example.net,Vanuatu,2024-04-11
C0194,Julia Walker,Male,40,michelle02@example.net,Ireland,2022-07-08
C0195,Amy White,Male,36,jennifer91@example.com,Western Sahara,2022-02-10
C0196,Susan Neal,Female,21,ksmith@example.net,Cambodia,2021-12-07
C0197,Michael Smith,Male,41,stephaniejackson@example.com,Kyrgyz Republic,2023-05-30
C0198,Scott Duncan,Female,50,cruzkevin@example.org,British Virgin Islands,2023-07-01
C0199,Michael Weeks,Male,20,cervantesderek@example.com,Congo,2022-09-27
C0200,Alexandra Brown,Male,48,mark84@example.com,Saint Vincent and the Grenadines,2021-04-24
C0201,Dominique Adkins,Female,37,collinsjon@example.org,Tokelau,2020-09-21
C0202,Katie Thompson,Male,37,perryrodriguez@example.org,Seychelles,2022-12-26
C0203,Melinda Nguyen,Male,63,samuel75@example.net,Saint Helena,2021-10-22
C0204,Dylan Wallace,Male,24,mary17@example.com,Guatemala,2021-06-26
C0205,Nicholas Martinez,Male,65,darius71@example.com,Northern Mariana Islands,2024-01-23
C0206,Michael Wood,Female,33,jacksonhaley@example.com,British Indian Ocean Territory (Chagos Archipelago),2023-05-03
C0207,Megan Mills,Female,22,leehayden@example.org,Tokelau,2021-01-15
C0208,Christopher Lopez,Male,24,joy42@example.net,Dominica,2020-12-26
C0209,Kyle Young,Male,44,qwelch@example.net,Korea,2024-09-05
C0210,Pamela Donovan,Male,51,shannon64@example.com,New Zealand,2020-01-23
C0211,Jennifer Davis,Female,64,hickmanjason@example.com,Montenegro,2022-11-15
C0212,Christina Berry,Female,60,allenpaul@example.org,Ecuador,2021-04-07
C0213,Jacqueline Marshall,Female,31,haguilar@example.org,Mauritius,2022-11-02
C0214,Sharon Garrett,Female,34,krista49@example.com,Latvia,2020-08-04
C0215,Kathryn Stewart,Male,30,danabenson@example.com,Equatorial Guinea,2024-04-10
C0216,Christy Stafford,Male,57,james06@example.com,Austria,2024-01-24
C0217,Kaitlin Smith,Female,27,hhardy@example.com,Puerto Rico,2023-02-06
C0218,Sean Mccoy,Male,25,rachelrobinson@example.net,Bangladesh,2022-07-30
C0219,Emily Jackson,Male,44,pachecorhonda@example.org,Moldova,2023-09-29
C0220,Charles Alexander,Female,24,rbenton@example.net,Bulgaria,2024-04-27
C0221,Sandra Davis,Male,27,millerstephen@example.net,Sri Lanka,2020-07-29
C0222,Michael Brown,Female,32,brittanytorres@example.org,Guam,2023-01-03
C0223,Anthony Romero,Female,65,jamesanderson@example.org,Cameroon,2020-02-20
C0224,Justin Michael,Male,45,katrina06@example.net,Sweden,2024-12-02
C0225,Jessica Johnson,Female,50,rebecca84@example.net,Dominican Republic,2023-04-08
C0226,Christina Wheeler,Male,55,rosariorenee@example.net,Turkmenistan,2024-05-12
C0227,Jacob Kelley,Male,41,hayesmatthew@example.com,Bermuda,2023-04-25
C0228,Jennifer Brown,Female,63,martinezrenee@example.org,United States Minor Outlying Islands,2023-09-21
C0229,Brooke Mckee,Female,60,beckertoni@example.net,Isle of Man,2021-10-02
C0230,Ronnie Pope,Female,39,ksmith@example.net,Niue,2023-10-11
C0231,Travis Marshall,Male,45,sdavis@example.com,Lebanon,2021-07-13
C0232,Brittany Terrell,Female,43,mollybailey@example.org,Saint Vincent and the Grenadines,2024-01-01
C0233,Marissa Hurst,Female,48,stanleyphilip@example.org,Cyprus,2024-09-03
C0234,Tiffany White,Female,43,hodgespeter@example.com,Qatar,2023-04-24
C0235,Andrew Hamilton,Male,23,danielmorris@example.org,Reunion,2024-07-28
C0236,Jodi Green,Male,45,plin@example.com,Bangladesh,2023-04-27
C0237,Selena Weeks,Male,33,timothyweeks@example.org,New Zealand,2022-04-18
C0238,Christopher Mullins,Male,60,qblake@example.net,Papua New Guinea,2021-10-19
C0239,Jessica Bailey,Male,37,barry06@example.net,Spain,2022-12-03
C0240,John Winters,Female,41,robin70@example.org,Gambia,2024-05-11
C0241,Daniel Holland,Male,40,terriwilliams@example.net,Lesotho,2024-05-30
C0242,Mary Baker,Female,26,xcooper@example.org,Sweden,2020-01-26
C0243,James Hayden,Male,20,laura11@example.net,Venezuela,2023-06-30
C0244,Jason Mendoza,Female,54,ypearson@example.net,Somalia,2022-05-24
C0245,John Humphrey,Male,25,davistyler@example.org,Luxembourg,2024-07-03
C0246,Joseph Mccormick,Male,64,wanderson@example.org,Croatia,2020-12-03
C0247,James Greer,Female,27,pkelly@example.com,Vietnam,2022-08-18
C0248,Tina Anderson,Male,20,reneeandersen@example.com,El Salvador,2021-01-13
C0249,Alexander Taylor,Male,62,brettaguilar@example.org,Faroe Islands,2022-04-25
C0250,Mark Roberts,Female,55,carlsonjessica@example.org,Trinidad and Tobago,2023-03-14
C0251,April Robles,Female,61,adamstracy@example.net,Comoros,2020-09-12
C0252,Alicia Perez,Male,31,cynthia42@example.net,Ghana,2023-07-29
C0253,Elizabeth Robinson,Male,24,pnelson@example.org,Guyana,2023-08-25
C0254,Alexis Craig,Female,37,diane18@example.net,Dominican Republic,2021-04-11
C0255,Jennifer Kelly,Female,24,cyork@example.org,United States Minor Outlying Islands,2020-11-03
C0256,Gabriel Wilson,Female,26,josephwolf@example.net,Slovakia (Slovak Republic),2023-06-03
C0257,Jessica Hinton,Female,38,jasonrodriguez@example.org,Norfolk Island,2023-10-31
C0258,Jacqueline Garrison,Male,48,amitchell@example.com,Antigua and Barbuda,2023-09-30
C0259,Teresa Turner,Male,52,taylorrickey@example.com,Latvia,2020-09-30
C0260,Robin Richmond,Male,64,kblanchard@example.net,Estonia,2025-01-04
C0261,Becky Johnston,Male,20,martinezkeith@example.net,Ghana,2021-09-11
C0262,Michael Moreno,Female,24,sherilane@example.org,Liechtenstein,2021-08-12
C0263,Mary Houston,Female,22,zwiggins@example.net,Malta,2020-12-05
C0264,Mr. Benjamin Esparza,Male,37,nicholasreyes@example.com,Fiji,2023-08-19
C0265,John Bell,Male,41,sbrown@example.org,Greece,2022-07-19
C0266,Kimberly Pitts,Male,41,warescott@example.org,Egypt,2020-04-13
C0267,Julia Shah,Male,35,brandonedwards@example.com,French Guiana,2023-07-08
C0268,Logan Gill,Female,22,badams@example.com,Barbados,2021-10-04
C0269,Brian Walker,Male,50,jonathan88@example.com,Paraguay,2021-07-24
C0270,Jessica Mcgee,Female,26,fritzjonathon@example.org,Denmark,2024-08-11
C0271,Sabrina Hines,Male,55,watkinsamanda@example.net,Turks and Caicos Islands,2021-12-10
C0272,William Newton,Male,54,qcowan@example.net,Chile,2023-09-23
C0273,Amber Smith,Female,18,rogerscarol@example.net,Hungary,2024-12-09
C0274,Heather Moore,Female,55,danielle42@example.net,Jamaica,2023-01-15
C0275,Kyle Kelly,Female,64,kayla38@example.net,Tokelau,2021-09-28
C0276,Adam Turner,Female,36,harrisjoseph@example.com,Greece,2024-02-02
C0277,Robert Yang,Male,19,palmersamuel@example.org,Nigeria,2020-10-28
C0278,Marissa Holmes,Male,26,arangel@example.com,Mali,2024-08-07
C0279,Karen Howard,Female,46,weaverjasmine@example.com,Guadeloupe,2024-04-07
C0280,Ryan Wong,Male,21,icummings@example.net,Bahrain,2022-09-06
C0281,Frank Brooks,Female,39,davismichele@example.org,Lebanon,2020-12-01
C0282,Edward Russell,Male,55,seanrodriguez@example.net,Honduras,2024-04-22
C0283,Meagan Hall,Female,30,marywebster@example.com,French Guiana,2024-03-25
C0284,Paul Cochran,Female,25,dennis02@example.net,Lithuania,2023-01-15
C0285,Megan Taylor PhD,Female,50,gonzalezwilliam@example.org,Switzerland,2021-06-22
C0286,Heather Walker,Female,20,millerjared@example.com,Venezuela,2020-07-06
C0287,Bryan Watkins,Male,50,njohnson@example.org,Qatar,2024-08-13
C0288,Rachel Cook,Female,26,janetjennings@example.com,Comoros,2023-06-29
C0289,Maria Stevens,Female,50,andrewwoodard@example.com,Indonesia,2020-11-16
C0290,Matthew Patel,Male,23,shanelowe@example.org,Ethiopia,2024-10-05
C0291,Jeffrey Hopkins,Female,28,wrightelizabeth@example.org,Senegal,2020-01-22
C0292,Robert Perez,Female,65,jessica91@example.com,Aruba,2022-11-16
C0293,Carrie Green,Female,31,brittanyroth@example.com,Namibia,2020-10-27
C0294,Jody Booth,Female,49,lisa62@example.org,Greece,2023-10-29
C0295,Madison Miller,Male,19,michael64@example.com,Fiji,2020-11-02
C0296,Amber Cole,Male,52,julian86@example.net,Sudan,2023-02-03
C0297,John Rodriguez,Female,65,destiny43@example.org,French Polynesia,2024-07-14
C0298,Walter Wright,Female,28,anthony00@example.com,South Africa,2024-01-24
C0299,Shannon Taylor,Male,51,tdorsey@example.com,Rwanda,2021-12-30
C0300,Brandi Miller,Female,26,cathybaker@example.com,Montenegro,2024-03-09
C0301,Brenda White,Female,64,lisa35@example.org,Macao,2021-01-20
C0302,Elizabeth Ellis,Male,50,wilsonwendy@example.net,Pakistan,2023-08-07
C0303,Tammy Coffey,Male,65,john74@example.com,India,2024-09-02
C0304,Rodney Schmidt,Male,57,kblankenship@example.com,Turks and Caicos Islands,2020-08-25
C0305,Clinton Harrington,Male,27,alyssa22@example.org,Belarus,2022-09-22
C0306,Brian Calhoun,Female,40,nthompson@example.net,New Caledonia,2023-03-08
C0307,Cassidy Cruz,Female,28,kburton@example.com,Paraguay,2022-03-20
C0308,Stacey Rivas,Female,49,emaldonado@example.net,Oman,2023-10-23
C0309,Toni Preston,Male,51,rvega@example.org,Sri Lanka,2022-04-14
C0310,Benjamin Harris,Male,52,osbornjose@example.com,Benin,2022-10-09
C0311,Joseph Williams,Male,21,nsmith@example.net,Congo,2024-02-29
C0312,Belinda Gonzalez DDS,Female,18,blankenshiproy@example.org,Moldova,2024-10-08
C0313,Sarah Williams,Male,59,maria58@example.com,Mozambique,2020-01-30
C0314,Paul Parker,Male,45,vthomas@example.com,Iran,2024-09-17
C0315,Troy Hurley,Female,24,angela15@example.com,Turks and Caicos Islands,2024-08-04
C0316,Rita Beasley,Female,24,melaniebarr@example.org,Solomon Islands,2022-12-24
C0317,Tara Browning,Male,44,jacquelinegibbs@example.com,Slovakia (Slovak Republic),2022-07-06
C0318,Walter Herman,Female,47,gallagherchristopher@example.net,Seychelles,2021-08-14
C0319,Sandy Cuevas,Female,35,greggonzalez@example.org,Russian Federation,2021-11-12
C0320,Jennifer Gutierrez,Female,39,craig18@example.com,Zambia,2022-07-17
C0321,Jessica Martin,Male,26,smithpatricia@example.com,Saint Martin,2024-11-07
C0322,Diana Lucas,Female,36,michaelperez@example.net,Sierra Leone,2023-09-19
C0323,Lisa Green,Male,34,olsonjesus@example.net,Portugal,2020-02-01
C0324,Andrew Khan,Female,23,jacobevans@example.com,Somalia,2023-07-07
C0325,Crystal Hoffman,Female,22,lynn30@example.net,Nepal,2020-02-18
C0326,Brad Andrade,Female,38,jessicarice@example.org,Singapore,2021-03-30
C0327,Jessica Sloan,Male,64,ngarcia@example.net,Isle of Man,2021-02-26
C0328,Tabitha Conner,Male,44,sloanbarbara@example.org,Sri Lanka,2020-03-25
C0329,Pedro Johnson,Male,39,trichmond@example.org,Zambia,2021-10-22
C0330,Cody Preston,Female,36,kennethgarcia@example.net,Palau,2023-08-06
C0331,Benjamin Fleming,Female,62,caroljacobson@example.org,Kiribati,2023-11-29
C0332,Patrick Martinez,Female,43,diana86@example.com,French Polynesia,2020-06-28
C0333,Jonathan Benson,Male,60,fjoseph@example.net,New Caledonia,2023-06-29
C0334,David Morris,Female,21,hcrosby@example.net,Colombia,2020-05-19
C0335,Shannon Vargas,Female,44,chloe78@example.net,Spain,2020-02-10
C0336,Alexa Campos,Female,41,aaron73@example.net,Latvia,2022-07-16
C0337,Todd Lindsey,Male,21,kingholly@example.org,Suriname,2023-08-02
C0338,Clarence Brandt,Male,56,tonya72@example.net,Slovakia (Slovak Republic),2022-11-01
C0339,Logan Hahn,Female,53,zwillis@example.net,Dominica,2022-05-02
C0340,Gina Palmer,Male,24,vrichards@example.org,Western Sahara,2023-05-10
C0341,Jason Lee,Male,26,bondapril@example.org,Grenada,2020-06-23
C0342,John Phillips,Male,56,odunn@example.org,Mongolia,2022-04-20
C0343,Joann Glover,Male,34,zblevins@example.net,Norfolk Island,2020-07-09
C0344,Cindy Gonzalez,Female,35,areyes@example.org,Somalia,2023-10-27
C0345,James Guerrero,Female,41,elizabeth13@example.net,Turkey,2024-10-16
C0346,Robert Brown,Female,45,bryanmeyer@example.com,Jamaica,2020-04-13
C0347,Russell Perez,Male,39,javiervance@example.org,Serbia,2020-08-05
C0348,William Simpson,Male,37,michelleklein@example.net,Ecuador,2021-03-14
C0349,Madeline Brewer,Female,22,xnovak@example.com,Chad,2021-07-10
C0350,Lauren Barnett,Female,32,derekcarter@example.net,India,2020-03-08
C0351,Joshua Nelson,Female,18,kristinastewart@example.com,Niger,2025-01-01
C0352,Jamie Nunez,Female,55,javierryan@example.net,Iraq,2022-05-27
C0353,Amy Barnes,Male,34,townsendmichelle@example.org,Cote d'Ivoire,2021-03-11
C0354,Colleen Smith,Female,36,mosstammy@example.com,Niue,2021-06-13
C0355,Kathryn Pierce,Male,24,james41@example.net,Venezuela,2022-03-28
C0356,William Ellis,Female,45,hernandezjames@example.org,Ghana,2023-06-17
C0357,Jonathan Hodges,Male,26,juanvaldez@example.org,Barbados,2023-11-07
C0358,Paula Lopez,Male,33,walkertyler@example.net,Czech Republic,2022-03-21
C0359,Amanda Green,Female,42,jdavis@example.org,Guadeloupe,2021-05-24
C0360,Tommy Case,Female,22,vturner@example.net,Timor-Leste,2023-04-04
C0361,Kathy Freeman,Male,22,swilliamson@example.com,Egypt,2023-11-13
C0362,Philip Russell,Female,56,waynehammond@example.com,Niue,2020-12-30
C0363,Courtney Guerra,Female,38,riveradanielle@example.com,Angola,2023-01-25
C0364,Russell Spencer,Male,42,scottcole@example.com,Ukraine,2020-12-26
C0365,Sharon Johnson,Male,41,downsjoshua@example.com,Mexico,2020-05-15
C0366,Connor Allen,Female,44,kimjohnson@example.com,Malta,2021-07-02
C0367,Teresa Allen,Female,22,brittneyburns@example.net,Madagascar,2020-10-05
C0368,Stacy Anderson,Female,29,hudsonkelly@example.com,Pitcairn Islands,2022-03-27
C0369,Jacqueline Nash,Male,45,harrislaura@example.org,Djibouti,2024-10-18
C0370,Edward Mcgee,Female,45,scottmorris@example.org,Grenada,2024-07-19
C0371,Gary Mccullough,Male,46,cynthiaharrington@example.com,Djibouti,2024-12-18
C0372,Christopher Castaneda,Female,46,ibush@example.net,Lao People's Democratic Republic,2024-06-08
C0373,Ronald Sellers,Male,19,vcannon@example.net,Taiwan,2021-09-05
C0374,Max Wood,Male,33,bailey00@example.net,Mayotte,2020-05-22
C0375,Emily Holt,Female,54,davidgarcia@example.org,Holy See (Vatican City State),2020-04-02
C0376,Madeline Wilkerson,Female,59,joseph87@example.com,Gambia,2022-11-02
C0377,Christopher Stevens,Female,63,kristenmejia@example.net,Sri Lanka,2023-09-01
C0378,Christopher Griffin,Male,45,newtonamanda@example.com,Nigeria,2023-01-31
C0379,Elizabeth Jacobson,Male,41,trios@example.net,Netherlands Antilles,2023-06-04
C0380,Derek Mcdowell,Male,55,apatrick@example.net,Brazil,2021-10-30
C0381,Eric Chandler,Male,32,james58@example.net,Seychelles,2023-11-18
C0382,Johnny Burton,Female,29,brian67@example.org,French Polynesia,2022-01-25
C0383,David Vaughn,Female,23,sotojaime@example.org,Austria,2020-07-05
C0384,Karen Cruz,Female,26,hvargas@example.com,Norway,2024-05-03
C0385,Jennifer Lewis,Male,52,angelaanderson@example.net,Anguilla,2020-10-23
C0386,Nicole Morrow,Male,54,david83@example.net,Saint Pierre and Miquelon,2021-04-03
C0387,Bailey Johnson,Male,58,sarahanderson@example.net,Sierra Leone,2021-12-23
C0388,Anna Rodriguez,Male,31,burtonselena@example.com,Switzerland,2024-08-31
C0389,Debbie Green,Male,26,julian45@example.net,North Macedonia,2020-01-16
C0390,Timothy Gutierrez,Female,55,hsmith@example.com,Norfolk Island,2022-12-15
C0391,Rachel Harris,Female,36,kara89@example.org,Georgia,2024-04-17
C0392,Michael Richardson,Female,65,matthew40@example.org,Honduras,2021-08-03
C0393,Amanda Pugh,Female,36,gilmorejose@example.com,Congo,2020-11-01
C0394,Nathan Rosario,Female,25,dakota00@example.net,New Zealand,2024-04-14
C0395,Chad Davis,Female,62,obrienkelli@example.com,Morocco,2024-02-17
C0396,Jessica Moore,Male,29,hayesbrittany@example.net,Lao People's Democratic Republic,2022-10-16
C0397,Rebecca Pierce,Female,53,iwheeler@example.org,Russian Federation,2021-09-15
C0398,Adam Mullins,Female,26,petersraymond@example.com,Liberia,2022-06-02
C0399,Keith Patterson,Female,25,jburton@example.com,Taiwan,2021-10-30
C0400,Brittney Santana,Male,48,danaramirez@example.net,Guinea-Bissau,2023-10-10
C0401,Melissa Robinson,Male,47,nharper@example.com,Vietnam,2024-06-03
C0402,Scott Reyes,Male,27,chelsea40@example.net,Malawi,2023-02-26
C0403,Hector Price,Male,56,montgomerymark@example.com,Georgia,2022-10-21
C0404,Laura Miller,Female,25,icunningham@example.net,Korea,2020-12-22
C0405,Jenny Clarke,Male,59,edwardswalter@example.net,Vietnam,2024-09-13
C0406,Lacey Romero,Male,58,kylestewart@example.net,Turkey,2024-09-20
C0407,Crystal Hubbard,Female,61,uleach@example.org,Uganda,2023-10-24
C0408,Alexander Romero,Female,56,joshuavillegas@example.org,American Samoa,2020-12-28
C0409,Phillip Nguyen,Male,37,bmorgan@example.net,Turkey,2023-09-03
C0410,Lauren Nash,Male,51,apham@example.com,British Virgin Islands,2023-09-05
C0411,Daniel Mack,Male,28,kimdominique@example.com,Ghana,2024-03-14
C0412,Angelica Mcclure,Male,51,bwilson@example.org,Niue,2023-10-07
C0413,Richard Merritt,Female,54,zcontreras@example.com,Uruguay,2021-03-13
C0414,James Rollins,Female,56,thomasrobinson@example.net,Guadeloupe,2020-10-21
C0415,Stacy Elliott,Female,61,monroekayla@example.org,Norfolk Island,2020-09-03
C0416,Anne Simmons,Male,52,robertsjoseph@example.net,Azerbaijan,2024-10-19
C0417,Daniel Kirk,Female,65,elizabeth64@example.org,Rwanda,2024-01-17
C0418,Kaitlyn Mason,Male,56,cindydyer@example.net,Pitcairn Islands,2024-09-18
C0419,Rhonda Nicholson,Female,19,johnsontodd@example.org,Korea,2022-05-22
C0420,William Martinez,Male,42,adam64@example.com,Turkey,2021-03-08
C0421,Kevin Shepherd,Male,30,yhunt@example.com,Poland,2022-11-12
C0422,Leah Nelson,Female,55,jenningsjessica@example.org,Angola,2020-07-13
C0423,Tyler Miller,Female,59,bsmith@example.com,Russian Federation,2022-09-14
C0424,Joshua Carpenter,Male,45,asexton@example.org,North Macedonia,2023-05-19
C0425,Mr. Alan Cooper,Female,40,wbaker@example.org,China,2024-07-20
C0426,Dale Greene,Female,54,brogers@example.com,Faroe Islands,2021-09-06
C0427,James Lopez,Female,18,butlerchristopher@example.net,Norway,2022-03-14
C0428,Jordan Vasquez,Male,25,amy66@example.net,El Salvador,2022-11-28
C0429,Kevin Bell,Male,60,youngjon@example.org,Falkland Islands (Malvinas),2023-09-29
C0430,Michael Dixon PhD,Female,30,bvalenzuela@example.com,Oman,2021-12-19
C0431,Scott Ingram,Male,18,aharvey@example.org,Serbia,2021-10-11
C0432,Dustin Decker,Male,52,kristingould@example.com,Congo,2020-10-08
C0433,Joseph Lopez,Female,48,zhart@example.org,Saint Pierre and Miquelon,2022-11-10
C0434,Jason Peck,Female,62,jamesruiz@example.com,Myanmar,2021-02-19
C0435,Breanna Adams,Male,35,stephanie85@example.com,Botswana,2023-10-27
C0436,Heidi Edwards,Female,52,ubutler@example.com,Namibia,2021-02-09
C0437,Teresa Smith,Female,64,mary56@example.net,Ecuador,2022-02-02
C0438,Mark Gibson,Female,21,wagnerbarbara@example.net,Chile,2023-03-20
C0439,Ashley Douglas,Female,59,angeladrake@example.net,South Georgia and the South Sandwich Islands,2021-03-04
C0440,Deborah Harris,Male,48,kelsey50@example.net,United States Minor Outlying Islands,2021-03-10
C0441,Bruce Morton,Male,35,joseph07@example.org,Ukraine,2022-01-25
C0442,Matthew Johnson,Female,30,ythomas@example.org,Saint Lucia,2022-07-12
C0443,Bryan Carey,Male,34,brittneyyang@example.net,Belize,2022-11-09
C0444,Eric Ross,Female,55,camachoashley@example.com,Madagascar,2020-02-20
C0445,Ethan Martin,Female,38,bretthammond@example.com,Peru,2020-08-12
C0446,Robert Martinez,Male,18,johnsonheather@example.com,Mayotte,2022-02-02
C0447,Christina Saunders,Male,28,larrytran@example.com,Panama,2020-02-26
C0448,Ashley Moore,Female,39,websterrichard@example.net,Tunisia,2023-01-03
C0449,Carla Rivera,Male,36,andreaturner@example.org,Bermuda,2020-04-12
C0450,Christopher Cisneros,Male,38,ericalexander@example.com,Uzbekistan,2023-09-06
C0451,Karen Noble,Male,64,gomezthomas@example.com,Bhutan,2024-12-15
C0452,Carolyn Zuniga,Male,65,bradleyrobert@example.net,Haiti,2020-02-11
C0453,Jasmine Huff,Female,52,mccormickmark@example.net,Fiji,2021-09-02
C0454,Brett Washington,Female,28,zwagner@example.org,Kazakhstan,2022-12-04
C0455,Emma Davis,Male,46,hadkins@example.com,British Virgin Islands,2022-01-02
C0456,Ryan Jones,Male,21,amber16@example.com,Iraq,2021-04-24
C0457,Deborah Hunter,Male,24,tylerpugh@example.com,Reunion,2020-09-30
C0458,David Gutierrez,Male,58,brownjoseph@example.net,Burkina Faso,2023-11-17
C0459,Julie Fletcher,Male,42,amberlewis@example.net,Saudi Arabia,2021-03-23
C0460,Ian Stevens,Female,21,williamsgregory@example.com,Libyan Arab Jamahiriya,2024-12-29
C0461,Jonathan Jones,Female,64,aaronhenry@example.net,Russian Federation,2024-05-06
C0462,Derek Allen,Female,64,isullivan@example.net,Northern Mariana Islands,2022-05-13
C0463,Cheryl Horn,Male,31,ryan64@example.org,Russian Federation,2024-08-27
C0464,Katie Pineda,Male,48,jessica80@example.org,Papua New Guinea,2020-07-23
C0465,Amy Hendricks,Female,50,elizabeth06@example.net,Montenegro,2020-03-27
C0466,Brandi Nelson,Male,25,kevinjones@example.org,Netherlands,2023-08-05
C0467,Diane Young,Male,58,brianmiller@example.net,South Africa,2022-05-27
C0468,Ross Garcia,Male,33,tammy29@example.org,Netherlands Antilles,2024-05-12
C0469,Christopher Carter,Male,50,joshua16@example.com,Egypt,2022-09-02
C0470,Robert Rodriguez,Male,25,cynthianeal@example.net,Tanzania,2020-11-19
C0471,Jessica Mejia,Female,18,susanhenderson@example.net,Central African Republic,2022-02-12
C0472,Bethany Franklin,Male,28,ashleyrobertson@example.com,Morocco,2023-05-24
C0473,Amber Smith,Male,27,megan01@example.com,Isle of Man,2021-09-02
C0474,Stephanie Walsh,Female,31,tiffanycombs@example.org,Central African Republic,2020-11-20
C0475,Jonathan Young,Female,60,manncolleen@example.net,Slovenia,2023-01-02
C0476,Curtis Villanueva,Male,57,mikemurray@example.net,Romania,2024-10-07
C0477,Ashley Smith,Female,46,brooke06@example.net,Croatia,2020-01-29
C0478,Joe Smith,Male,38,fernandezanthony@example.com,Gabon,2023-10-24
C0479,Kim Ross,Male,26,marilyn08@example.net,Angola,2020-08-17
C0480,Jennifer Foster,Male,64,ericagriffin@example.org,Somalia,2021-01-10
C0481,Lynn Ruiz,Male,20,sharon21@example.org,China,2023-08-08
C0482,Tammy Martinez,Male,35,yjordan@example.org,Mauritius,2023-03-11
C0483,Brenda White,Female,38,martinsmith@example.net,Kyrgyz Republic,2021-11-21
C0484,Jennifer Nguyen,Male,64,knappcameron@example.org,Singapore,2021-02-01
C0485,Jon Parker,Male,62,nicole64@example.org,Isle of Man,2024-03-27
C0486,Shannon Hood,Male,61,tiffany60@example.net,Lesotho,2024-11-08
C0487,Randy Hart,Male,41,tmoses@example.org,Guernsey,2021-08-20
C0488,Joanna Drake,Male,52,williamschelsea@example.com,Mayotte,2024-08-04
C0489,Steven Kelley,Female,43,william83@example.net,Portugal,2022-03-26
C0490,Kyle Marks,Female,23,kara10@example.com,Tokelau,2022-12-26
C0491,Patrick Bullock,Female,29,samanthamccoy@example.org,Colombia,2020-10-20
C0492,Rhonda Williams,Male,61,sarabennett@example.com,Liberia,2022-01-06
C0493,Matthew Ward,Female,28,fvincent@example.net,Gibraltar,2022-10-10
C0494,Donna Richard,Male,52,xsmith@example.org,Brunei Darussalam,2023-06-25
C0495,Courtney Bennett,Male,29,flowersmark@example.com,United States Minor Outlying Islands,2024-05-19
C0496,Benjamin Lopez,Male,52,sabrina40@example.com,Nigeria,2024-06-15
C0497,Ryan Berry,Female,18,edward12@example.org,Pakistan,2023-03-08
C0498,Sharon Andersen,Female,42,frobinson@example.org,British Indian Ocean Territory (Chagos Archipelago),2022-04-18
C0499,Claire Gill,Female,30,patricia13@example.org,Australia,2023-01-17
C0500,Steven Phillips,Female,45,cgraham@example.org,Georgia,2020-01-10
C0501,Daniel Moreno,Male,33,molly08@example.com,Hungary,2024-07-06
C0502,Jeanette Garcia,Male,38,brendaweeks@example.org,Swaziland,2023-04-18
C0503,Curtis Torres,Male,45,gibsonjeffrey@example.net,Bolivia,2024-08-27
C0504,Jeremy Pena,Female,50,zachary16@example.net,Jamaica,2020-02-05
C0505,Carly Robinson,Female,28,sabrinapearson@example.com,Venezuela,2024-11-15
C0506,William Ball,Female,22,proach@example.org,Qatar,2024-09-25
C0507,Kevin Barker,Male,20,bergsean@example.org,Maldives,2021-09-11
C0508,Stacy Hunt,Female,20,jeffrey39@example.net,Malaysia,2022-05-21
C0509,Jerry Smith,Male,39,triciajordan@example.net,Ireland,2022-09-27
C0510,Joseph Martinez,Female,42,andersonkaren@example.com,Vietnam,2021-09-16
C0511,Brenda Mann,Female,47,nicole26@example.org,Singapore,2021-02-01
C0512,Randy Hartman,Male,23,wardjerry@example.net,Mayotte,2020-10-11
C0513,Mark Wood,Male,54,lisacolon@example.net,Uruguay,2022-01-12
C0514,Jamie Nixon,Male,54,davidwagner@example.com,Norway,2020-10-31
C0515,Anthony Freeman,Male,56,richard07@example.com,Tanzania,2020-05-13
C0516,Nathan Gordon,Male,50,westelizabeth@example.net,Indonesia,2022-12-24
C0517,Daniel Burgess,Female,63,stevenmcdonald@example.org,Wallis and Futuna,2024-01-26
C0518,Christopher Patel,Female,50,anthonysalinas@example.com,Samoa,2023-06-03
C0519,Jasmine Smith,Female,55,tdavis@example.org,Bulgaria,2020-10-01
C0520,Cheyenne Mejia,Female,19,dwilliams@example.org,Nauru,2020-01-12
C0521,Cameron Moran,Male,64,jonathan06@example.net,Lithuania,2024-12-17
C0522,Carol Patterson,Female,18,ashleydeleon@example.com,Nauru,2024-06-01
C0523,Robert Johnson,Male,51,pbarrett@example.net,Dominican Republic,2021-08-02
C0524,Zachary Taylor,Female,27,ramosjessica@example.com,Heard Island and McDonald Islands,2021-08-16
C0525,Jerry Levy,Female,59,mjackson@example.org,Niue,2021-03-09
C0526,Robin Dougherty,Female,35,paul60@example.net,Iran,2021-11-21
C0527,Mariah Richardson,Male,50,adriannichols@example.org,Yemen,2021-03-26
C0528,James Austin,Male,24,josephnicole@example.com,Venezuela,2021-05-06
C0529,Matthew Matthews,Male,49,brittany09@example.net,Spain,2021-08-22
C0530,Edward Davis,Female,22,pagejacqueline@example.net,Sao Tome and Principe,2022-04-24
C0531,Matthew Alvarado,Female,21,jonathannelson@example.net,Angola,2023-02-24
C0532,Abigail Hamilton,Female,26,cadams@example.com,Comoros,2024-05-31
C0533,Tricia Sawyer DDS,Female,42,georgemartin@example.net,Australia,2021-01-26
C0534,Steven Gregory DDS,Male,62,kristybowers@example.net,American Samoa,2023-03-15
C0535,Meghan Page,Female,18,wowens@example.org,Bermuda,2020-06-17
C0536,Rebecca Joyce,Male,43,hudsonveronica@example.net,Uganda,2024-07-10
C0537,Casey Wolf,Male,36,martinezdonald@example.org,Montserrat,2020-01-28
C0538,Andre Simpson,Female,41,jessica25@example.net,Niger,2020-01-21
C0539,Joshua James,Female,51,cody85@example.org,Malaysia,2020-08-28
C0540,Natalie Morton,Female,47,weaverjames@example.net,Equatorial Guinea,2023-11-08
C0541,Jeffrey Taylor,Male,26,nicholas98@example.org,Guatemala,2021-01-18
C0542,Beth Massey,Female,18,jamescarroll@example.org,Afghanistan,2022-03-08
C0543,Scott Henderson,Male,57,amandabowman@example.com,Samoa,2024-10-26
C0544,Daniel Rose,Female,64,shari69@example.com,Micronesia,2022-03-03
C0545,Carlos Edwards,Male,26,wevans@example.com,Taiwan,2020-01-23
C0546,Andrew Dennis,Female,32,enixon@example.net,Macao,2024-03-22
C0547,Michael Wright,Male,43,lopezjoyce@example.net,Djibouti,2022-07-18
C0548,Randy Wood,Male,54,johnphillips@example.net,Greenland,2020-11-07
C0549,Patricia Berry,Female,43,baldwintiffany@example.org,Tajikistan,2021-09-13
C0550,Tammy Turner,Male,57,michaelsmith@example.net,United States Virgin Islands,2023-10-11
C0551,Willie Henderson,Female,56,parkersamuel@example.net,Belarus,2020-01-30
C0552,Kerri Ryan,Male,27,gwillis@example.org,Colombia,2020-09-04
C0553,Melissa Johnson,Female,57,joshua14@example.com,France,2020-06-10
C0554,Leslie Blackburn,Male,24,qgarrett@example.org,Belarus,2022-03-05
C0555,Kelsey Matthews,Female,49,aperry@example.net,Thailand,2021-04-06
C0556,Samuel Fernandez,Male,21,jimenezrussell@example.com,Tunisia,2021-05-09
C0557,Joseph Rose,Male,53,lindsayturner@example.org,Madagascar,2021-11-02
C0558,Tiffany Woodward,Female,30,willisjennifer@example.org,Belgium,2021-05-19
C0559,Tyler Cook,Female,20,ihart@example.net,Kuwait,2023-05-02
C0560,Kristy Buchanan,Female,57,hobrien@example.net,Niger,2024-05-25
C0561,Kyle Miller,Male,63,haley91@example.net,Guatemala,2022-05-28
C0562,Andrew Hendricks,Female,54,mooresean@example.net,Saint Barthelemy,2023-06-18
C0563,John Salas,Male,65,larry92@example.com,Luxembourg,2024-02-13
C0564,Olivia Torres,Male,58,marissabanks@example.net,Kazakhstan,2023-05-07
C0565,Alyssa Wolfe,Male,25,ericwilson@example.org,Seychelles,2023-08-24
C0566,Monica Hansen,Female,38,kelsey54@example.net,United States Minor Outlying Islands,2021-02-27
C0567,Lisa Ray,Female,61,cdunlap@example.com,Marshall Islands,2024-08-02
C0568,Amy Leonard,Female,34,nicolemccarthy@example.org,New Caledonia,2021-09-02
C0569,William Nicholson,Male,42,james67@example.com,Somalia,2024-06-18
C0570,Gary Russell,Male,56,ritasimmons@example.net,Congo,2020-06-18
C0571,Ruben Johnson,Female,21,hosborn@example.org,Mali,2021-10-23
C0572,Natalie Gilbert,Female,44,robert55@example.org,Aruba,2022-05-11
C0573,Susan Campos,Female,52,millsjennifer@example.org,Faroe Islands,2022-07-04
C0574,Michael Stevenson,Male,26,annamorgan@example.com,Afghanistan,2020-12-13
C0575,Mary Hines,Female,44,saracunningham@example.net,Bouvet Island (Bouvetoya),2023-06-26
C0576,Jimmy King,Female,27,cranejennifer@example.org,Wallis and Futuna,2020-02-27
C0577,Priscilla Patterson,Male,32,ryanlyons@example.org,Libyan Arab Jamahiriya,2021-12-07
C0578,Valerie Ruiz,Male,48,broberts@example.org,Antarctica (the territory South of 60 deg S),2020-09-02
C0579,Theresa Klein,Female,58,nruiz@example.net,Canada,2022-12-25
C0580,Philip Mccarty,Female,46,thall@example.org,Canada,2022-03-17
C0581,Tiffany Ramos,Male,46,matthew96@example.net,American Samoa,2020-09-27
C0582,Kenneth Kelly,Male,25,ricky35@example.com,Comoros,2024-02-25
C0583,Brandon Hall,Male,36,brandonbowen@example.org,Qatar,2020-08-14
C0584,David Day,Female,49,jacobsjohn@example.net,Israel,2020-12-15
C0585,Adam Young,Male,43,kaylasmith@example.net,Montenegro,2024-06-03
C0586,Margaret King,Female,24,prodriguez@example.net,Taiwan,2021-08-24
C0587,Gary Barnes,Male,35,staylor@example.org,Argentina,2020-06-18
C0588,Dr. Christopher Gibson,Female,32,dmorgan@example.net,Georgia,2020-06-22
C0589,Megan Manning,Male,45,theresa55@example.com,New Caledonia,2023-05-13
C0590,Daniel Ramirez,Male,27,walkertheresa@example.org,Maldives,2020-12-06
C0591,Terry Jacobs,Male,40,walter63@example.com,Jordan,2023-01-22
C0592,Tony Rice,Male,42,hebertjoanna@example.net,Namibia,2020-09-16
C0593,Hannah Stevens,Male,44,valerie54@example.net,Sweden,2020-08-24
C0594,William Burns,Male,65,brownangela@example.net,Cape Verde,2023-07-23
C0595,Christopher Lloyd,Female,49,mendozaroger@example.org,Sweden,2022-07-01
C0596,Kristen Gillespie,Male,50,janet22@example.org,Burkina Faso,2020-04-14
C0597,Jonathan Smith II,Female,28,christopherjennings@example.com,United Kingdom,2021-08-10
C0598,Regina Phillips,Female,18,lambertjessica@example.net,Antarctica (the territory South of 60 deg S),2024-06-05
C0599,Tiffany Olson,Female,32,karalopez@example.com,Isle of Man,2024-01-09
C0600,Aaron Esparza,Male,30,wclark@example.com,Estonia,2023-06-10
C0601,John Brown,Male,33,douglas05@example.org,Central African Republic,2021-09-06
C0602,Tina Campbell,Male,24,lauracruz@example.com,Palau,2021-02-01
C0603,Lindsey Hawkins,Male,42,robertjohnson@example.net,United Kingdom,2024-09-22
C0604,Vincent Martinez,Male,40,gmorales@example.net,Guatemala,2021-10-10
C0605,Kenneth Golden,Male,37,vjenkins@example.org,Burundi,2022-09-05
C0606,Samantha Camacho,Male,61,mooreadam@example.org,Jersey,2021-08-24
C0607,Kristi Maxwell,Male,36,umartinez@example.org,Reunion,2024-08-17
C0608,Amanda Kerr,Female,38,connermary@example.org,Sierra Leone,2022-04-13
C0609,Diana Harris,Female,60,fischeradam@example.com,Guinea-Bissau,2024-09-21
C0610,Cheryl Floyd,Male,28,pburke@example.com,Kyrgyz Republic,2021-10-12
C0611,Mark Walker,Male,65,ericscott@example.org,United States of America,2020-08-16
C0612,Misty Harris,Female,42,sanderspamela@example.net,Zimbabwe,2020-02-17
C0613,Haley Cobb,Female,47,shannon78@example.net,Iceland,2021-02-15
C0614,Christy Day,Male,58,brianchung@example.org,Netherlands,2021-12-16
C0615,Mikayla Johnson,Female,22,brittanypowell@example.com,Tanzania,2021-08-06
C0616,Randy Garcia,Male,32,jonesmichele@example.org,Albania,2024-01-21
C0617,Victoria Warren,Male,42,fshea@example.net,Sweden,2022-05-27
C0618,Brandon Baker,Female,22,jennifer06@example.org,Romania,2021-03-18
C0619,Melissa Sawyer,Female,38,jramsey@example.com,Moldova,2023-07-08
C0620,Michael Hodges,Female,52,yrobinson@example.com,Uruguay,2020-11-27
C0621,Michael Harris,Male,51,zsmith@example.net,Timor-Leste,2023-03-21
C0622,Karen Wilson,Male,27,stuartriley@example.org,Zimbabwe,2020-11-14
C0623,Nicole Harrington,Male,44,evanchen@example.org,Korea,2020-08-02
C0624,Russell Wright,Female,22,ygalloway@example.com,Bahamas,2022-02-20
C0625,Nathan Owens,Male,54,tammywalker@example.org,Taiwan,2021-05-27
C0626,Philip Wood,Male,57,powersandrew@example.org,United States of America,2023-01-05
C0627,Megan Jones,Male,43,williamsthomas@example.org,Pakistan,2022-05-19
C0628,Jason Oneill,Female,37,ipierce@example.net,Guyana,2020-10-26
C0629,Sarah Parker,Male,35,kanebrenda@example.net,Suriname,2021-12-25
C0630,Monica Gallegos,Female,60,bpierce@example.com,Norway,2020-07-06
C0631,Aaron Taylor,Female,55,longdebra@example.org,Venezuela,2022-06-03
C0632,Emily Marquez,Male,51,ldunn@example.net,Papua New Guinea,2024-11-20
C0633,Robin Crawford,Male,18,mroberts@example.net,Dominican Republic,2023-11-15
C0634,Jeffrey Summers,Male,40,heathervaldez@example.net,French Polynesia,2021-01-20
C0635,Tara Martin,Female,51,mariamolina@example.com,Bangladesh,2021-12-14
C0636,Timothy Schaefer,Male,50,rsmith@example.net,American Samoa,2021-10-06
C0637,Thomas Myers,Female,21,clarkjoseph@example.org,Denmark,2022-10-22
C0638,William Watson,Female,64,lwilliams@example.org,Finland,2022-07-22
C0639,Glenn Daniel,Male,25,matthewhurley@example.org,Micronesia,2024-05-15
C0640,Sara Carter,Male,36,bdickerson@example.com,Sweden,2023-06-09
C0641,Peter Torres,Female,45,lawrencewilliam@example.com,Estonia,2023-03-28
C0642,Max Higgins,Male,18,larsenbradley@example.com,Jersey,2022-09-23
C0643,Jason Sharp,Male,28,briannablake@example.net,Aruba,2022-06-03
C0644,Christopher Davis,Female,61,vwilliams@example.org,Suriname,2021-11-21
C0645,Erika Carpenter,Male,38,pmartinez@example.com,Ghana,2022-09-27
C0646,Elizabeth Martin,Male,54,johnbarker@example.net,Montserrat,2022-04-13
C0647,Mr. Joseph Cruz,Female,62,debrakerr@example.com,Finland,2023-09-14
C0648,Edward Benson,Male,32,travisgonzalez@example.com,Georgia,2022-02-23
C0649,Mary Smith,Female,18,csmith@example.com,Mauritania,2020-03-08
C0650,Rebecca Warner,Male,36,rgilbert@example.org,Belize,2021-08-23
C0651,Michael Neal,Male,57,perezjesus@example.com,Maldives,2023-01-21
C0652,Valerie Werner,Female,52,michaellucas@example.net,Georgia,2021-10-13
C0653,James Clark,Female,18,james15@example.org,Niger,2021-07-27
C0654,Michele Lopez,Female,50,longchloe@example.org,Guam,2021-09-28
C0655,Angela Abbott,Male,56,michael12@example.net,Iceland,2024-09-20
C0656,Pamela Webster,Male,49,pamela60@example.com,Malta,2023-10-03
C0657,Mary Wood,Male,46,gbutler@example.com,Aruba,2021-04-27
C0658,Joe Sanchez,Female,35,njones@example.com,Denmark,2020-02-27
C0659,Stanley Kramer,Female,63,danieljordan@example.net,Dominican Republic,2021-10-24
C0660,Michael Dorsey,Male,35,njohnson@example.net,Yemen,2023-11-25
C0661,Tiffany Mccarthy,Male,18,bonnie68@example.org,Paraguay,2022-02-09
C0662,John Roberts,Female,35,jasminewilcox@example.com,Puerto Rico,2024-12-25
C0663,Wanda Johnson,Male,62,jamesmorton@example.com,Northern Mariana Islands,2024-10-28
C0664,Krista Garcia,Female,47,croberts@example.net,Jersey,2022-02-14
C0665,Kristen Wallace,Male,20,gjackson@example.org,Bolivia,2023-05-28
C0666,Steven Sanders,Female,26,xnorris@example.org,Reunion,2021-01-30
C0667,Craig Johnston,Female,21,grahambrenda@example.com,Isle of Man,2021-12-18
C0668,Johnny Erickson,Female,45,elizabeth49@example.org,Burundi,2021-12-05
C0669,Mr. John Gomez PhD,Male,25,ramseymelissa@example.net,Mauritania,2021-04-16
C0670,Steven Kerr,Female,56,nicholskimberly@example.org,Saint Vincent and the Grenadines,2022-06-12
C0671,Adam Kelly,Male,58,grace33@example.org,Cape Verde,2023-08-29
C0672,Cassidy Allen,Female,56,stephen11@example.org,Malaysia,2022-09-23
C0673,Benjamin Ramos,Female,42,richardsonrickey@example.com,Argentina,2022-02-13
C0674,Johnny Graves,Female,45,geoffreysmith@example.org,Ecuador,2023-10-14
C0675,Patrick Meyer,Female,42,velazquezlaura@example.net,Guinea,2021-09-29
C0676,Heather Mitchell,Male,58,manueldavis@example.org,Djibouti,2021-03-17
C0677,Nicole Brown,Male,35,michelechavez@example.net,Myanmar,2024-05-14
C0678,Kelly Jimenez,Female,60,sherri70@example.net,United States Minor Outlying Islands,2023-12-12
C0679,Dr. Paul Sweeney DDS,Female,25,erik57@example.org,Brunei Darussalam,2021-11-26
C0680,John Cook,Female,24,kathy23@example.net,Saint Lucia,2021-08-18
C0681,Suzanne Owens,Male,23,brandon10@example.com,Namibia,2020-04-20
C0682,Isaac Jenkins,Female,55,reynoldskenneth@example.net,Mexico,2023-02-24
C0683,Tara Bartlett,Female,55,munozcaroline@example.net,Palestinian Territory,2020-09-07
C0684,Sean Walters,Male,41,lisafitzgerald@example.org,Congo,2023-01-02
C0685,Debbie Gonzalez,Male,41,njensen@example.net,Sri Lanka,2023-09-13
C0686,Amber Newman,Female,42,ramirezjoseph@example.net,French Polynesia,2024-06-14
C0687,Lance Terry,Female,22,kristaweiss@example.com,Greece,2024-07-18
C0688,James Davis,Male,35,srodriguez@example.com,Cuba,2022-04-05
C0689,Mrs. Kayla Vazquez MD,Male,44,hillricky@example.net,Cote d'Ivoire,2024-06-10
C0690,Sarah Walker,Male,28,smithallison@example.com,French Southern Territories,2021-08-26
C0691,Veronica Lee,Male,31,bbrown@example.com,Ghana,2021-07-26
C0692,Angela Gray,Female,26,vvelez@example.org,Gibraltar,2024-01-07
C0693,Shawn Walker,Male,48,walkernancy@example.net,India,2022-06-23
C0694,Jeffrey Simon,Male,53,lynnpatricia@example.org,Serbia,2021-10-14
C0695,Allison Hensley,Female,42,cclements@example.com,Belarus,2021-04-19
C0696,Eric Rodriguez,Female,29,millerchristopher@example.net,Costa Rica,2022-07-30
C0697,Sara Hernandez,Female,56,jwilliams@example.org,Falkland Islands (Malvinas),2021-10-24
C0698,Haley Combs,Female,43,stephanie28@example.net,Burundi,2022-08-14
C0699,Ashley Morris,Female,62,melindahughes@example.net,Ecuador,2022-12-09
C0700,Robert Cox,Female,43,leah42@example.net,Syrian Arab Republic,2024-11-21
C0701,Kathleen Rodriguez,Female,62,flynnjoseph@example.com,Poland,2023-10-04
C0702,Jamie Mueller,Female,36,madeline12@example.com,Timor-Leste,2024-06-21
C0703,Paul Ruiz,Male,37,diazjames@example.net,Iran,2023-11-02
C0704,Yolanda Thomas,Male,46,cbrown@example.com,Martinique,2022-02-05
C0705,Mackenzie Castillo,Female,27,villakevin@example.net,Togo,2020-04-07
C0706,Terry Coleman,Female,32,gutierrezwilliam@example.com,Dominican Republic,2022-02-07
C0707,Ms. Holly Hancock,Female,34,johnsmith@example.net,Iraq,2023-09-12
C0708,Brianna Smith,Female,55,phouston@example.net,Cambodia,2022-02-11
C0709,Michael Jackson,Male,28,andrewmeyer@example.net,Jordan,2023-08-21
C0710,Michael Mcmahon,Male,30,singhdonald@example.net,Jersey,2024-11-15
C0711,Jennifer Day,Female,22,whaynes@example.com,Vanuatu,2020-10-22
C0712,Kristy Holden,Male,21,codygarcia@example.com,Botswana,2024-11-24
C0713,Joseph Morales,Male,59,qsimpson@example.org,Egypt,2024-10-21
C0714,Michelle Townsend,Female,31,stephanie55@example.org,Palestinian Territory,2023-11-18
C0715,Jennifer Reed,Female,20,roy73@example.org,Nicaragua,2020-11-24
C0716,Anthony Porter,Female,33,jreed@example.com,Cyprus,2020-11-17
C0717,Dustin Phillips,Male,26,paynelynn@example.net,Sierra Leone,2022-03-26
C0718,Jeanne Rios,Male,47,matthewlopez@example.com,Sao Tome and Principe,2023-04-12
C0719,Chad Nichols,Female,30,mgardner@example.net,Korea,2023-12-22
C0720,Justin White,Male,41,thomas71@example.net,Congo,2024-03-12
C0721,Robert Hughes,Male,21,zdaniels@example.org,Guatemala,2022-12-19
C0722,Destiny Myers,Male,23,barmstrong@example.net,Dominica,2020-12-25
C0723,Rachel Garrison,Female,62,jamie70@example.net,Christmas Island,2021-01-28
C0724,Megan Lopez,Male,55,leerickey@example.com,Saint Lucia,2021-07-07
C0725,Steven Nicholson,Female,35,craig93@example.com,Azerbaijan,2022-08-18
C0726,Tara Reyes,Male,38,darlenepham@example.net,Paraguay,2021-02-06
C0727,Michael Casey,Male,53,deanna71@example.org,Mongolia,2024-07-21
C0728,Jessica Reed,Female,34,nthompson@example.net,Mauritius,2024-07-03
C0729,Claire Cole,Female,25,richard67@example.com,Ethiopia,2024-09-06
C0730,John French,Female,62,cindylucas@example.org,Latvia,2024-08-14
C0731,Amanda Ellis,Male,63,matthewsjessica@example.com,British Virgin Islands,2024-06-10
C0732,Tamara Rodriguez,Male,21,lthompson@example.net,Namibia,2022-03-31
C0733,Michael Thompson,Male,36,alicia12@example.com,French Polynesia,2020-11-30
C0734,Cory Cruz,Female,30,jfreeman@example.com,Guadeloupe,2023-08-17
C0735,Jeffrey Sherman,Male,44,phillipskathleen@example.com,Colombia,2024-10-27
C0736,Erin Hall,Male,58,nrichards@example.org,Samoa,2023-06-23
C0737,Brian Leon,Female,23,zachary08@example.org,Pitcairn Islands,2020-03-16
C0738,Douglas Hoffman,Female,44,fblackwell@example.net,Azerbaijan,2021-05-17
C0739,Keith Clark,Male,25,kimberlymorgan@example.org,Svalbard & Jan Mayen Islands,2022-11-12
C0740,Kimberly Hayes,Male,44,rojasmichelle@example.net,Botswana,2022-02-11
C0741,Thomas Deleon,Male,51,josephflores@example.net,India,2021-04-20
C0742,Christopher Barnes,Female,40,jacob10@example.org,France,2022-08-29
C0743,Laurie Prince,Male,51,pcarpenter@example.com,Tanzania,2024-03-22
C0744,Tanner Cook,Male,35,mcknightterry@example.net,Portugal,2024-01-27
C0745,Chase Clark,Female,46,benjaminball@example.org,Kyrgyz Republic,2024-05-22
C0746,Jeffrey Barnes,Male,58,lisaschmidt@example.org,Japan,2023-01-11
C0747,Emily Flynn,Female,32,ofisher@example.org,Guyana,2023-09-13
C0748,Abigail Hancock,Male,35,katherine52@example.com,Guatemala,2020-06-04
C0749,Rebecca Schroeder,Male,22,jacobwang@example.com,Switzerland,2020-10-02
C0750,Kimberly Roberts,Male,50,johnpowell@example.org,Bhutan,2020-12-27
C0751,Timothy Smith,Female,20,guerrarachel@example.net,Western Sahara,2020-08-15
C0752,Jacqueline Mitchell,Male,23,barberkylie@example.org,Solomon Islands,2022-08-30
C0753,Kevin Cox,Male,39,robertsmary@example.com,Norway,2022-03-25
C0754,Virginia West,Male,26,michaelclark@example.com,Maldives,2022-09-15
C0755,Jennifer Doyle,Female,37,guerrerojessica@example.org,Burkina Faso,2020-05-17
C0756,David Schroeder,Female,49,ejones@example.org,Taiwan,2024-11-17
C0757,Julie Davis,Female,24,jeremypatel@example.com,Chad,2023-01-20
C0758,Joshua Gardner,Male,48,angela73@example.org,Uganda,2024-12-29
C0759,Christine Carpenter,Female,61,robertmaddox@example.org,El Salvador,2023-01-01
C0760,Carl James,Female,54,scottclark@example.org,Nigeria,2020-06-16
C0761,Brenda Webb,Male,40,lloydmindy@example.com,India,2020-06-04
C0762,Daniel Thomas,Male,26,ryan91@example.org,Ghana,2021-10-01
C0763,Shaun Morris,Male,22,nelsonanthony@example.net,Kenya,2023-12-01
C0764,Emily Brown,Female,25,malvarez@example.net,Lao People's Democratic Republic,2024-08-02
C0765,Christopher Smith,Male,48,evansjohn@example.org,Bahamas,2020-04-22
C0766,David Jones,Male,64,simmonsstephanie@example.org,Chile,2022-08-05
C0767,Kayla Sharp,Male,64,dromero@example.com,Saudi Arabia,2022-03-20
C0768,Travis Garner,Female,24,lvega@example.com,Sweden,2022-03-18
C0769,Mr. George Washington,Female,19,pooleamber@example.com,Saint Vincent and the Grenadines,2024-09-11
C0770,Melissa Glenn,Male,45,sheila98@example.org,Saint Vincent and the Grenadines,2024-07-12
C0771,Casey Peters,Female,62,mbishop@example.com,South Georgia and the South Sandwich Islands,2024-01-10
C0772,Jack Turner,Female,41,normanjennifer@example.com,Samoa,2022-10-21
C0773,Luke Logan,Male,27,orichardson@example.org,Andorra,2021-12-26
C0774,Valerie Osborne,Male,36,meadowsamanda@example.net,Bulgaria,2022-11-09
C0775,Latoya Noble,Male,48,vmason@example.net,Palestinian Territory,2022-01-05
C0776,Jose Robertson,Female,46,hickmancarolyn@example.org,United Kingdom,2023-04-06
C0777,Jessica Shaw,Female,26,paigemckinney@example.com,Tokelau,2024-04-10
C0778,Valerie Baker,Male,61,pmartin@example.org,Montserrat,2020-10-10
C0779,Jon Alvarado Jr.,Male,30,colliergeorge@example.com,Korea,2023-05-10
C0780,Derek Webb,Male,26,christopherfarrell@example.com,Solomon Islands,2024-07-25
C0781,Jessica Walsh,Female,27,amber15@example.org,Slovenia,2021-10-27
C0782,Bradley Morales,Female,20,angel44@example.org,Cyprus,2020-02-27
C0783,Stephanie Richard,Male,34,rhernandez@example.net,Comoros,2021-06-30
C0784,Juan Gutierrez,Male,30,matthewallen@example.org,Angola,2022-10-16
C0785,Debbie David,Male,49,nelsonangela@example.org,Heard Island and McDonald Islands,2023-03-11
C0786,Michael Morgan,Male,20,lmeyer@example.org,Burundi,2024-12-07
C0787,Albert Nicholson,Female,24,robinscott@example.org,Western Sahara,2020-05-11
C0788,Samantha Velez,Female,39,vmeadows@example.com,Guatemala,2022-10-23
C0789,Jenna Baker,Male,60,lori64@example.net,Guatemala,2020-12-21
C0790,Ronnie Mitchell,Male,51,kristinemorrow@example.com,Togo,2022-12-21
C0791,Tammy Hughes,Male,63,tayloraaron@example.org,Serbia,2024-02-08
C0792,Michael Watson,Female,36,barbaralarson@example.org,Netherlands Antilles,2024-03-06
C0793,Brenda Brown,Male,38,baileykelsey@example.com,Ecuador,2023-06-26
C0794,Amber Jordan,Female,48,ntaylor@example.org,Sao Tome and Principe,2022-04-01
C0795,Victor Ward,Female,62,lisa14@example.org,Paraguay,2024-03-31
C0796,David Chambers,Female,46,leslie58@example.org,Tunisia,2023-04-19
C0797,Jennifer Sanders,Male,30,harrellanthony@example.net,Barbados,2024-11-06
C0798,Ryan Boyd,Female,34,amanda32@example.org,Turkmenistan,2022-10-10
C0799,Kyle Hernandez,Male,25,michaelwhite@example.org,Slovakia (Slovak Republic),2023-07-13
C0800,Brenda Keith,Male,44,craig70@example.org,Vanuatu,2021-09-21
C0801,Thomas Kelly,Male,41,edavis@example.net,Cayman Islands,2024-02-11
C0802,Vickie Lang,Female,53,danieljackson@example.org,Eritrea,2020-10-01
C0803,Zoe Allen,Male,52,martinjames@example.com,Lithuania,2021-12-06
C0804,Joe Robinson,Female,50,ggomez@example.org,Chile,2021-09-04
C0805,Amy Stafford,Female,56,kentlee@example.org,Montenegro,2022-10-17
C0806,James Blevins,Male,60,bergsally@example.net,Czech Republic,2023-05-24
C0807,Michelle Booker,Female,62,vickie08@example.net,Mexico,2021-09-07
C0808,Juan Tucker,Male,47,barreradanielle@example.net,Mali,2024-10-16
C0809,Mr. Kyle Wright,Male,47,iortega@example.com,Portugal,2020-04-03
C0810,Jennifer Sawyer,Male,62,tpearson@example.com,Burkina Faso,2023-02-16
C0811,Ana Evans,Female,59,robertgriffin@example.net,Lebanon,2024-01-27
C0812,Megan Gray,Male,52,reedtodd@example.com,Iraq,2024-03-08
C0813,Richard Leach,Male,29,zachary49@example.org,Tunisia,2021-03-21
C0814,Edward Paul,Male,22,russellraymond@example.org,Guadeloupe,2021-08-01
C0815,Kim Lopez,Female,33,jessica36@example.net,Svalbard & Jan Mayen Islands,2022-01-24
C0816,Ryan Baldwin,Male,48,bmartinez@example.org,Switzerland,2023-11-29
C0817,Erin Erickson,Male,55,hodgederrick@example.org,Chad,2020-11-17
C0818,Gregory Young,Male,24,lisamiles@example.net,Bhutan,2020-12-25
C0819,Katherine Mercer,Female,43,andrea98@example.net,Korea,2022-07-30
C0820,Matthew Bishop,Female,28,zachary47@example.net,Algeria,2024-08-29
C0821,Travis Hamilton,Female,51,omiller@example.org,El Salvador,2023-07-13
C0822,Jerry Jones,Male,38,simonalexandra@example.com,United States Minor Outlying Islands,2024-11-14
C0823,Donna Washington,Male,56,zdean@example.com,Mongolia,2023-06-20
C0824,Timothy Wells,Female,42,harrelljuan@example.net,Vietnam,2022-04-03
C0825,Daniel Yoder,Male,28,philipwise@example.com,Ethiopia,2023-08-27
C0826,Jennifer Wilson PhD,Male,49,tanner46@example.net,Indonesia,2023-02-19
C0827,Jeff Allen,Male,48,ytyler@example.com,China,2023-07-05
C0828,Joyce Rodriguez,Female,26,wagnerchristopher@example.org,Jersey,2022-04-21
C0829,Kristina Carter,Female,33,omendez@example.org,France,2023-09-19
C0830,Allison Haas,Female,49,kaitlyn82@example.net,Liberia,2022-09-16
C0831,Andrew Chandler,Male,40,jamie89@example.net,Malaysia,2023-01-27
C0832,Andrew Parrish,Female,36,marshallmicheal@example.org,Pakistan,2023-09-18
C0833,Taylor Landry,Male,52,daviddeleon@example.org,Nauru,2020-11-12
C0834,Sandra Davis MD,Male,62,bryangrant@example.org,Wallis and Futuna,2022-04-19
C0835,Kimberly Adams,Female,20,justinibarra@example.com,Yemen,2020-09-26
C0836,Kaitlyn Christensen,Female,50,harrisnichole@example.net,Jordan,2023-02-21
C0837,Allison Barnett,Male,25,cheryl24@example.net,United States Virgin Islands,2021-12-28
C0838,Casey Williams,Male,37,riddledavid@example.net,Barbados,2021-08-16
C0839,Kenneth Russell,Female,43,jessicamitchell@example.net,Qatar,2023-01-04
C0840,Norma Brooks,Male,47,lori14@example.com,Sri Lanka,2024-10-26
C0841,Stephanie Smith,Female,26,henry40@example.com,Gambia,2023-08-29
C0842,Philip Welch,Female,53,ythompson@example.org,El Salvador,2020-10-15
C0843,Rachael Hurst,Male,61,gravessharon@example.com,Falkland Islands (Malvinas),2024-08-28
C0844,Jordan Rosario,Male,42,bweaver@example.org,Macao,2023-10-08
C0845,Mr. John Reese,Male,31,gjones@example.net,Kenya,2021-11-15
C0846,Hector Ray,Female,57,marierhodes@example.com,Sao Tome and Principe,2021-10-03
C0847,James Stewart,Male,31,youngwilliam@example.net,Morocco,2021-08-13
C0848,Sierra Delacruz,Female,36,ucraig@example.net,Puerto Rico,2021-02-18
C0849,Cody Lee,Female,38,monicafields@example.org,Netherlands,2022-10-22
C0850,Joshua Norton,Female,33,melissa53@example.com,Madagascar,2023-12-01
C0851,Jennifer Neal,Male,41,satkinson@example.org,Niue,2021-05-28
C0852,Paul Walsh,Male,43,gilbertfelicia@example.net,Mongolia,2023-04-20
C0853,Vanessa Summers,Male,63,mmoss@example.org,Senegal,2023-08-17
C0854,Mark Hernandez,Male,41,pheath@example.org,Kenya,2024-12-30
C0855,Jessica Kelly,Male,38,edward49@example.com,Ethiopia,2020-07-04
C0856,Rebecca Lopez,Female,54,marilyn64@example.org,Botswana,2024-02-02
C0857,Steven Fields,Female,40,kellycochran@example.org,Bangladesh,2021-10-25
C0858,Scott Charles DDS,Male,44,carrierussell@example.net,Vanuatu,2020-12-05
C0859,Matthew Houston,Male,59,reevesscott@example.net,United States of America,2024-05-27
C0860,Brianna Jones,Male,32,melissa29@example.com,Lithuania,2020-07-10
C0861,William Munoz,Female,52,sarah50@example.net,Paraguay,2020-01-22
C0862,Jamie Callahan,Male,62,vsanchez@example.net,Belize,2024-11-20
C0863,Daniel Benjamin,Male,19,laurenhiggins@example.org,Ireland,2023-10-14
C0864,Karen Chapman,Male,24,wyattdavid@example.org,Morocco,2020-12-18
C0865,Gloria Hall,Female,28,kweber@example.org,British Virgin Islands,2021-09-15
C0866,Megan Barrett,Female,64,benjamin64@example.com,Christmas Island,2021-02-02
C0867,Jodi Brown,Female,57,kathleenjackson@example.com,Cameroon,2021-11-08
C0868,John Dean,Male,62,ryanjohn@example.org,Japan,2023-05-20
C0869,Barbara Romero,Female,41,stephanie72@example.org,Palestinian Territory,2022-06-12
C0870,Kelly Day,Female,22,jenniferwilliamson@example.org,Libyan Arab Jamahiriya,2024-06-30
C0871,Eric Long,Male,20,zdean@example.net,Ghana,2024-10-03
C0872,Natalie Daniel,Male,55,derrickdavis@example.net,Brunei Darussalam,2023-07-13
C0873,Benjamin Taylor,Female,40,meyermark@example.com,Lithuania,2024-12-30
C0874,Kristina Stevens,Female,23,thompsonchristina@example.org,South Georgia and the South Sandwich Islands,2021-01-04
C0875,Michael Lopez,Female,21,dmartin@example.com,Egypt,2023-11-18
C0876,Molly Webster,Male,41,mike74@example.org,Mozambique,2024-07-22
C0877,Joanna Park,Female,23,allenkennedy@example.org,Cook Islands,2020-03-11
C0878,William Zimmerman,Female,45,jacobstephens@example.com,Barbados,2022-05-27
C0879,Jennifer Ortiz,Female,23,juliecoleman@example.org,China,2024-07-03
C0880,John Bush,Male,65,nataliecampbell@example.org,Bosnia and Herzegovina,2021-11-11
C0881,Kenneth Clark,Female,51,robert07@example.com,Faroe Islands,2021-01-04
C0882,Matthew Henderson,Female,18,juliemoran@example.net,Benin,2022-11-22
C0883,Susan Ford,Female,19,kaylasmith@example.org,Jordan,2021-10-01
C0884,Gregory Patel,Male,27,imoses@example.com,China,2024-01-28
C0885,Mary Castillo,Female,57,ericlopez@example.net,Chile,2022-03-11
C0886,Amanda Williams,Male,48,ycox@example.com,Egypt,2022-02-16
C0887,Rebecca Graham,Male,58,lopezadam@example.org,Saint Pierre and Miquelon,2022-01-21
C0888,Jared Smith,Male,52,goldenvictor@example.com,Finland,2023-05-18
C0889,Tracy Green,Male,46,zmason@example.com,Switzerland,2020-06-24
C0890,Robert Norris,Male,40,ybrown@example.net,Comoros,2023-02-04
C0891,Daniel Jones,Female,21,gcoleman@example.com,Vanuatu,2022-09-24
C0892,Ashley Moore,Female,46,scott58@example.com,Namibia,2023-08-08
C0893,Taylor Smith,Female,19,lchandler@example.net,Christmas Island,2020-09-24
C0894,Barbara Wilson,Male,30,jeffrey96@example.com,Vietnam,2021-08-23
C0895,Joe Zamora,Male,27,hannahbaxter@example.com,Trinidad and Tobago,2023-05-22
C0896,Brett Morrison,Male,50,kathryn53@example.org,Dominica,2020-05-18
C0897,Christopher Gilbert,Male,26,bergersusan@example.net,Netherlands,2024-11-14
C0898,Michael Carpenter,Female,34,gabrieldunn@example.org,Zimbabwe,2020-09-07
C0899,Kenneth Swanson,Male,60,sanderskim@example.org,Tonga,2024-10-22
C0900,David Lee PhD,Female,40,goodwinmichael@example.com,Heard Island and McDonald Islands,2024-10-24
C0901,John White,Male,51,smorris@example.com,Thailand,2022-05-31
C0902,Russell Sanchez,Male,24,washingtonstacy@example.org,Moldova,2023-05-19
C0903,Tommy Lopez II,Female,34,julie82@example.com,Solomon Islands,2020-11-25
C0904,Kimberly Jacobson,Male,54,jgalvan@example.org,Burkina Faso,2021-03-08
C0905,Anna West,Male,37,berrycrystal@example.net,Palau,2022-02-27
C0906,Maria James,Male,43,ngomez@example.net,French Guiana,2024-04-18
C0907,Wendy Jensen,Female,44,ybrown@example.com,Wallis and Futuna,2024-08-05
C0908,Robert Harris,Female,50,davislinda@example.net,Angola,2023-11-12
C0909,Michael Miller,Female,46,jose88@example.com,Peru,2024-06-27
C0910,Jamie Miles,Female,57,harrisashley@example.com,Tuvalu,2021-04-15
C0911,Paul Hunt,Male,32,gomezwyatt@example.org,Tonga,2024-09-15
C0912,Austin Simmons,Male,39,tprice@example.org,France,2022-10-25
C0913,Anna Estrada,Male,64,rebecca34@example.org,Croatia,2020-09-07
C0914,Danielle Moran,Female,57,michelle95@example.org,Jersey,2021-07-24
C0915,Alan Herrera,Male,39,smithamanda@example.net,Poland,2020-04-06
C0916,Nicole Davidson,Female,49,patricia87@example.com,Belize,2024-09-14
C0917,Robert Burnett,Male,19,paulspence@example.net,Nauru,2021-07-18
C0918,Heather Phillips,Female,30,bowens@example.com,Palestinian Territory,2020-12-09
C0919,Jeremy Deleon,Male,33,jacqueline01@example.net,Tanzania,2023-05-27
C0920,Katie Mcbride,Female,33,toni16@example.net,Bulgaria,2021-01-01
C0921,David Salazar,Female,62,joshuaparrish@example.net,Georgia,2024-02-24
C0922,Vincent Martinez,Male,31,guerreroian@example.org,Fiji,2020-11-25
C0923,Sherri Clarke,Male,53,jonathan02@example.com,Zimbabwe,2020-05-21
C0924,Christopher Krause,Male,56,bfleming@example.org,Mauritania,2024-06-23
C0925,Jesse Larson,Male,27,fsmith@example.com,Aruba,2021-02-11
C0926,Lucas Mccullough,Female,55,castrotravis@example.net,Liechtenstein,2022-01-26
C0927,Jermaine Salazar,Female,45,tanya98@example.net,Singapore,2024-07-25
C0928,Paula Clark,Female,35,grahambrian@example.net,Poland,2023-10-15
C0929,Jessica Williams,Female,49,williamsmith@example.net,Senegal,2021-04-04
C0930,Theresa Robertson,Female,65,smithjames@example.com,United States Virgin Islands,2023-09-11
C0931,Cheryl Blackwell,Female,53,amycampos@example.org,Marshall Islands,2022-11-01
C0932,Brandon Pierce,Female,24,natasha64@example.org,Ukraine,2024-11-02
C0933,Richard Brown,Female,33,kathryn00@example.org,Turkmenistan,2020-02-13
C0934,Rachel Wilson,Male,22,maldonadoraymond@example.net,Belarus,2023-10-03
C0935,Jason Peterson,Female,30,mark39@example.net,Sweden,2023-05-07
C0936,Terry Morris,Female,27,josephscott@example.com,French Polynesia,2023-04-29
C0937,Tracy Weeks,Male,38,samanthareid@example.org,Nigeria,2021-02-10
C0938,Tina Raymond,Female,59,pamela52@example.net,Lao People's Democratic Republic,2023-08-30
C0939,Nancy Miller,Male,18,jessica50@example.com,Finland,2024-10-26
C0940,Melissa Chavez,Male,38,andrewwilliams@example.org,Namibia,2021-12-13
C0941,William Martinez,Female,41,ashley45@example.org,Tuvalu,2022-08-28
C0942,Katherine Warren,Male,19,mwilliams@example.org,Mauritius,2020-07-04
C0943,Jody Callahan,Female,34,sarah21@example.org,New Zealand,2024-03-13
C0944,Emma Goodman,Female,49,jwhite@example.org,Puerto Rico,2020-11-11
C0945,Jim Jensen,Female,45,xneal@example.org,San Marino,2022-03-25
C0946,Benjamin Juarez,Male,26,ajohnson@example.net,Malaysia,2024-03-07
C0947,Tara Brown,Male,52,andreasimon@example.org,Svalbard & Jan Mayen Islands,2022-12-27
C0948,Colleen Mathis,Male,34,hsmith@example.net,Belgium,2024-01-13
C0949,Teresa Baker,Female,53,kimberlymartinez@example.org,France,2023-10-29
C0950,Jennifer Mcdonald,Female,37,bennettmckenzie@example.org,Thailand,2024-07-16
C0951,Adam Cross,Female,19,preynolds@example.org,Netherlands,2021-06-27
C0952,Hailey Bowen,Male,54,yking@example.net,British Indian Ocean Territory (Chagos Archipelago),2023-09-26
C0953,Brian Oconnell,Female,53,charlesmedina@example.com,Malawi,2023-12-26
C0954,Paula Moore,Male,37,jennifercollier@example.org,Bhutan,2024-12-21
C0955,Kimberly Thomas,Female,61,carrrachel@example.net,Martinique,2021-06-07
C0956,Steven Lawrence MD,Female,53,michael63@example.org,Korea,2023-07-12
C0957,Tyler Bolton,Female,51,grayrobert@example.net,Rwanda,2023-07-22
C0958,Michael Pope,Female,22,kathy81@example.org,Saint Pierre and Miquelon,2022-11-30
C0959,Stuart Nguyen,Male,55,lindaodonnell@example.org,Hong Kong,2020-03-20
C0960,Lawrence Watkins,Female,54,holtjason@example.org,Bouvet Island (Bouvetoya),2020-07-04
C0961,Donald Lewis,Female,58,kelly99@example.net,Bulgaria,2020-10-12
C0962,William Jones,Male,30,jeffrey09@example.org,Czech Republic,2020-12-29
C0963,Anthony Lopez,Male,52,xhendricks@example.com,Afghanistan,2024-04-24
C0964,Thomas Foster,Female,24,danielgary@example.org,French Polynesia,2021-06-30
C0965,Austin Simmons,Female,51,alyssa49@example.org,Aruba,2022-12-08
C0966,Craig Chan,Male,46,stownsend@example.org,Brazil,2020-04-02
C0967,Daniel Kelly,Female,47,walkerbrittany@example.org,Poland,2024-02-27
C0968,Amy Galloway,Female,53,ebowen@example.org,British Indian Ocean Territory (Chagos Archipelago),2022-01-13
C0969,Andrea Huerta,Female,37,jasonthomas@example.net,Myanmar,2024-04-14
C0970,Kimberly Ibarra,Male,57,rhoward@example.com,Marshall Islands,2024-01-08
C0971,Andrea Coleman,Male,25,gnixon@example.com,Bosnia and Herzegovina,2022-02-07
C0972,Derrick Dean,Female,41,fsmith@example.org,Nauru,2020-08-05
C0973,Gabriel Baldwin,Female,37,careydana@example.com,Vanuatu,2023-04-25
C0974,Ashley Anderson,Female,49,trevor83@example.org,Cape Verde,2021-12-30
C0975,Dakota Gonzalez,Male,56,haysmichelle@example.net,Azerbaijan,2023-07-22
C0976,Bryan Hoover,Female,21,jesseschneider@example.net,Ireland,2022-10-30
C0977,Eddie Watson,Male,42,anthony22@example.com,Singapore,2020-05-21
C0978,Jessica Roman,Male,22,torresholly@example.com,Poland,2020-05-30
C0979,Kimberly Garcia,Female,25,candicegriffith@example.net,Tunisia,2024-08-26
C0980,Sarah Wiggins,Female,57,bankssteven@example.org,Cape Verde,2023-07-31
C0981,Juan Stevenson,Female,46,john81@example.com,Botswana,2022-01-04
C0982,Sandra Lopez,Female,45,brittany01@example.net,Brazil,2023-06-10
C0983,Jamie Bowman,Male,65,jenniferpeterson@example.com,Tokelau,2023-10-31
C0984,Ryan Harrison,Male,21,snyderangela@example.com,Nauru,2020-08-13
C0985,Sean Gonzales,Female,35,robert46@example.net,Jersey,2021-08-24
C0986,Clinton Alvarado,Female,41,jonathancarey@example.net,Cambodia,2022-06-18
C0987,Lauren Gallegos,Female,48,andreahernandez@example.net,Swaziland,2021-01-28
C0988,Wendy Davis,Male,38,rebekahmartin@example.com,Poland,2024-06-04
C0989,Jeffrey West,Female,40,soniafrancis@example.org,Costa Rica,2024-03-07
C0990,Samantha Marshall,Female,54,williamsharp@example.org,Jordan,2024-03-23
C0991,Heidi Williams,Female,44,uweber@example.net,Pitcairn Islands,2022-01-08
C0992,Helen Fields MD,Female,58,cynthia83@example.net,Marshall Islands,2021-09-25
C0993,Deborah Davis,Female,50,ubowman@example.net,Guadeloupe,2020-10-30
C0994,Benjamin Haley,Female,55,nmoore@example.org,Isle of Man,2023-07-16
C0995,Rachel Lee,Male,39,vmorgan@example.org,Latvia,2024-05-12
C0996,Ashley Frank,Male,18,richard70@example.net,Lesotho,2020-06-07
C0997,Megan Harrison,Male,56,misty31@example.org,Mozambique,2023-06-26
C0998,Stacey Wilson,Female,40,alejandra83@example.net,Cuba,2023-09-13
C0999,Robert Hudson,Female,64,lnorton@example.org,Faroe Islands,2024-06-14
C1000,Kiara Hood,Female,30,ashley42@example.net,Belgium,2024-02-15
