OrderID,CustomerID,ProductID,Quantity,OrderDate,Status,PaymentMethod,TotalAmount
O0001,C0405,P0344,9,2024-04-27,Processing,Net Banking,3803.17
O0002,C0568,P0307,9,2024-05-02,Delivered,Credit Card,1351.08
O0003,C0876,P0340,5,2024-04-30,Returned,Credit Card,883.22
O0004,C0861,P0106,10,2024-04-24,Cancelled,Net Banking,2759.06
O0005,C0542,P0270,2,2024-04-17,Processing,Debit Card,4046.95
O0006,C0709,P0447,10,2024-05-09,Delivered,PayPal,316.77
O0007,C0997,P0783,2,2024-06-04,Processing,Debit Card,4404.57
O0008,C0711,P0924,4,2024-08-12,Processing,Debit Card,4423.03
O0009,C0847,P0094,10,2024-11-24,Delivered,Credit Card,4253.64
O0010,C0834,P0287,10,2024-12-22,Returned,Net Banking,4162.67
O0011,C0007,P0007,7,2024-02-20,Returned,Debit Card,1951.44
O0012,C0440,P0601,5,2024-08-14,Returned,Debit Card,3098.52
O0013,C0078,P0001,7,2024-06-07,Processing,PayPal,3665.33
O0014,C0100,P0567,3,2024-02-15,Processing,Debit Card,2768.05
O0015,C0008,P0687,8,2024-12-24,Processing,Credit Card,669.94
O0016,C0179,P0879,3,2024-03-23,Cancelled,PayPal,2209.33
O0017,C0258,P0037,6,2024-11-15,Delivered,Credit Card,4627.43
O0018,C0160,P0892,7,2024-11-28,Returned,Debit Card,1097.06
O0019,C0247,P0986,3,2024-02-17,Delivered,Net Banking,970.58
O0020,C0398,P0295,6,2024-01-27,Returned,PayPal,639.27
O0021,C0428,P0447,7,2024-09-01,Returned,PayPal,4675.62
O0022,C0204,P0025,5,2024-09-09,Cancelled,PayPal,481.7
O0023,C0430,P0559,7,2024-05-27,Delivered,Net Banking,1925.68
O0024,C0620,P0773,8,2024-08-31,Returned,Net Banking,1659.48
O0025,C0438,P0254,6,2024-04-23,Cancelled,Debit Card,2127.74
O0026,C0999,P0636,9,2024-02-19,Returned,PayPal,1451.17
O0027,C0704,P0555,10,2024-08-26,Delivered,Net Banking,3929.18
O0028,C0875,P0444,3,2024-12-26,Cancelled,Net Banking,1542.7
O0029,C0118,P0677,2,2024-04-15,Processing,PayPal,4381.55
O0030,C0133,P0866,10,2024-12-01,Cancelled,Net Banking,3377.51
O0031,C0610,P0776,5,2024-09-21,Delivered,Net Banking,4694.68
O0032,C0137,P0313,3,2024-08-08,Delivered,Debit Card,4667.3
O0033,C0734,P0250,3,2024-08-11,Cancelled,PayPal,1266.56
O0034,C0332,P0754,3,2024-03-21,Processing,PayPal,1227.38
O0035,C0929,P0238,8,2024-04-15,Delivered,Credit Card,524.71
O0036,C0672,P0536,4,2024-04-27,Delivered,PayPal,2452.22
O0037,C0878,P0621,3,2024-06-02,Processing,Net Banking,499.2
O0038,C0709,P0080,5,2024-12-09,Cancelled,Credit Card,2987.53
O0039,C0156,P0335,2,2024-02-17,Returned,PayPal,4692.98
O0040,C0352,P0250,9,2024-04-22,Returned,Credit Card,3860.12
O0041,C0945,P0887,6,2024-05-30,Cancelled,Net Banking,4932.76
O0042,C0683,P0763,2,2024-12-16,Delivered,Net Banking,284.33
O0043,C0965,P0715,6,2024-07-21,Returned,PayPal,572.97
O0044,C0789,P0084,4,2024-02-08,Returned,Debit Card,2098.04
O0045,C0336,P0711,6,2024-09-18,Delivered,Net Banking,2659.1
O0046,C0575,P0484,8,2024-11-02,Returned,Net Banking,1390.27
O0047,C0029,P0186,3,2024-01-30,Delivered,PayPal,4225.68
O0048,C0596,P0746,1,2024-02-02,Cancelled,Credit Card,662.35
O0049,C0213,P0377,3,2024-03-03,Processing,PayPal,660.54
O0050,C0854,P0743,2,2024-01-08,Cancelled,Debit Card,4437.15
O0051,C0080,P0444,3,2024-05-05,Delivered,Net Banking,1081.08
O0052,C0886,P0248,1,2024-03-27,Cancelled,Credit Card,1291.05
O0053,C0707,P0398,7,2024-11-04,Delivered,Debit Card,1791.58
O0054,C0538,P0103,10,2024-09-21,Processing,Net Banking,1698.12
O0055,C0625,P0246,6,2024-04-29,Cancelled,Net Banking,1763.96
O0056,C0514,P0796,9,2024-02-22,Processing,Debit Card,3484.31
O0057,C0215,P0920,8,2024-10-24,Returned,PayPal,1553.3
O0058,C0709,P0840,9,2024-09-09,Delivered,Debit Card,2864.39
O0059,C0880,P0102,3,2024-05-21,Processing,Credit Card,2545.1
O0060,C0078,P0204,10,2024-01-25,Processing,Debit Card,173.48
O0061,C0749,P0197,8,2024-01-31,Processing,Debit Card,933.99
O0062,C0733,P0786,3,2024-11-26,Cancelled,Net Banking,906.33
O0063,C0046,P0593,10,2024-08-03,Delivered,Net Banking,1721.48
O0064,C0503,P0887,4,2024-04-11,Delivered,Net Banking,1113.66
O0065,C0390,P0553,8,2024-04-20,Cancelled,Credit Card,489.13
O0066,C0989,P0809,6,2024-05-18,Cancelled,Debit Card,687.11
O0067,C0346,P0467,4,2024-09-24,Processing,Debit Card,4425.16
O0068,C0795,P0328,1,2024-06-18,Delivered,Net Banking,846.5
O0069,C0515,P0667,9,2024-07-10,Processing,Credit Card,4123.02
O0070,C0123,P0096,3,2024-02-26,Cancelled,PayPal,3686.09
O0071,C0662,P0855,4,2024-10-16,Delivered,Credit Card,1753.43
O0072,C0201,P0576,10,2024-06-28,Returned,PayPal,3746.81
O0073,C0103,P0542,8,2024-09-23,Processing,PayPal,1082.27
O0074,C0770,P0167,5,2024-07-13,Delivered,Debit Card,2555.24
O0075,C0774,P0483,2,2024-09-10,Delivered,PayPal,625.9
O0076,C0572,P0210,5,2024-10-03,Cancelled,PayPal,4983.86
O0077,C0325,P0557,5,2024-01-09,Delivered,Debit Card,4426.58
O0078,C0761,P0229,3,2024-01-27,Returned,Net Banking,3299.25
O0079,C0397,P0370,2,2024-01-13,Processing,Debit Card,1254.41
O0080,C0699,P0188,6,2024-03-03,Delivered,PayPal,676.34
O0081,C0716,P0743,5,2024-08-27,Processing,Credit Card,4646.39
O0082,C0691,P0984,6,2024-05-09,Returned,Debit Card,791.01
O0083,C0311,P0345,10,2024-02-20,Returned,Credit Card,1388.86
O0084,C0593,P0132,5,2024-08-20,Cancelled,PayPal,413.62
O0085,C0061,P0204,3,2024-09-02,Returned,Net Banking,249.94
O0086,C0760,P0334,9,2024-04-24,Cancelled,PayPal,2203.26
O0087,C0552,P0104,4,2024-07-29,Returned,Credit Card,2709.06
O0088,C0229,P0182,1,2024-07-06,Delivered,Credit Card,1205.18
O0089,C0233,P0190,2,2024-07-02,Delivered,Net Banking,3855.18
O0090,C0543,P0002,6,2024-05-02,Processing,Credit Card,855.66
O0091,C0858,P0839,9,2024-01-26,Returned,PayPal,3758.5
O0092,C0655,P0855,5,2024-11-18,Delivered,Net Banking,470.55
O0093,C0222,P0684,5,2024-11-07,Delivered,Credit Card,2776.09
O0094,C0326,P0029,7,2024-06-08,Cancelled,Net Banking,1985.17
O0095,C0497,P0611,9,2024-02-07,Cancelled,Debit Card,26.28
O0096,C0854,P0254,1,2024-02-23,Processing,Credit Card,2482.74
O0097,C0645,P0361,4,2024-07-18,Cancelled,PayPal,3291.54
O0098,C0279,P0586,1,2024-09-11,Cancelled,PayPal,374.95
O0099,C0666,P0192,7,2024-07-16,Cancelled,PayPal,3592.77
O0100,C0521,P0279,1,2024-03-24,Delivered,PayPal,3896.69
O0101,C0475,P0351,4,2024-10-31,Returned,PayPal,1093.71
O0102,C0353,P0761,3,2024-12-17,Cancelled,PayPal,2271.16
O0103,C0060,P0010,7,2024-02-10,Processing,Net Banking,2122.71
O0104,C0689,P0884,10,2024-09-25,Cancelled,Credit Card,4722.72
O0105,C0307,P0311,6,2024-05-19,Processing,Debit Card,2983.94
O0106,C0662,P0237,2,2024-06-17,Delivered,PayPal,1658.78
O0107,C0835,P0460,1,2024-07-18,Delivered,Net Banking,4077.08
O0108,C0260,P0133,5,2024-10-26,Processing,Credit Card,4630.74
O0109,C0052,P0324,10,2024-12-23,Delivered,Debit Card,733.96
O0110,C0355,P0173,4,2024-02-05,Cancelled,Debit Card,3542.48
O0111,C0340,P0993,8,2024-07-23,Processing,Credit Card,2163.68
O0112,C0867,P0950,2,2024-12-25,Delivered,PayPal,3484.32
O0113,C0924,P0797,1,2024-03-17,Delivered,PayPal,565.03
O0114,C0548,P0474,10,2024-01-13,Delivered,Net Banking,3932.15
O0115,C0384,P0375,3,2024-02-10,Returned,Debit Card,1175.22
O0116,C0527,P0018,6,2024-05-30,Cancelled,Net Banking,2367.24
O0117,C0386,P0645,2,2024-06-17,Returned,Net Banking,809.55
O0118,C0879,P0762,1,2024-05-11,Returned,Debit Card,293.63
O0119,C0420,P0234,5,2024-02-17,Returned,PayPal,4364.18
O0120,C0940,P0940,2,2024-11-13,Returned,Debit Card,4199.44
O0121,C0116,P0906,9,2024-12-24,Returned,Credit Card,1079.73
O0122,C0952,P0348,7,2024-03-05,Returned,Net Banking,1959.45
O0123,C0528,P0441,1,2024-03-03,Cancelled,Credit Card,1195.97
O0124,C0042,P0977,9,2024-03-29,Cancelled,Debit Card,1255.38
O0125,C0519,P0102,1,2024-07-31,Delivered,Debit Card,1561.6
O0126,C0644,P0668,6,2024-04-22,Processing,Credit Card,1768.04
O0127,C0445,P0910,9,2024-09-07,Processing,Debit Card,1098.9
O0128,C0001,P0699,10,2024-10-11,Cancelled,Debit Card,1867.28
O0129,C0955,P0212,1,2024-11-12,Processing,Debit Card,165.79
O0130,C0967,P0818,9,2024-10-30,Returned,PayPal,817.7
O0131,C0790,P0548,8,2024-10-15,Delivered,Debit Card,867.0
O0132,C0098,P0241,6,2024-03-11,Cancelled,Credit Card,72.63
O0133,C0628,P0461,8,2024-11-13,Delivered,PayPal,239.22
O0134,C0259,P0180,8,2024-06-23,Cancelled,Net Banking,2529.54
O0135,C0425,P0762,7,2024-09-13,Delivered,Debit Card,3560.01
O0136,C0103,P0306,1,2024-10-18,Returned,Debit Card,4293.56
O0137,C0991,P0977,7,2024-09-29,Returned,Debit Card,4802.54
O0138,C0678,P0239,5,2024-08-19,Delivered,PayPal,3807.28
O0139,C0793,P0553,4,2024-10-23,Returned,Debit Card,3070.02
O0140,C0089,P0310,2,2024-07-10,Processing,Credit Card,3694.02
O0141,C0098,P0566,8,2024-01-09,Cancelled,PayPal,2321.58
O0142,C0355,P0992,6,2024-10-10,Returned,Credit Card,4164.89
O0143,C0120,P0026,10,2024-12-20,Cancelled,Net Banking,2864.28
O0144,C0335,P0736,1,2024-04-03,Delivered,PayPal,2042.24
O0145,C0232,P0076,1,2024-04-17,Cancelled,Net Banking,751.65
O0146,C0385,P0764,8,2024-07-13,Processing,Debit Card,4303.88
O0147,C0821,P0675,4,2024-04-17,Processing,PayPal,1269.93
O0148,C0244,P0755,8,2024-08-20,Returned,Net Banking,3384.62
O0149,C0606,P0391,1,2025-01-02,Returned,Credit Card,2584.06
O0150,C0217,P0180,4,2024-10-19,Returned,PayPal,2286.89
O0151,C0071,P0631,7,2024-12-07,Returned,Credit Card,2573.68
O0152,C0041,P0732,10,2024-06-15,Delivered,Net Banking,812.63
O0153,C0428,P0364,1,2024-05-06,Returned,Debit Card,3407.57
O0154,C0375,P0340,8,2024-11-11,Cancelled,PayPal,3917.74
O0155,C0354,P0765,9,2024-10-05,Cancelled,Net Banking,529.21
O0156,C0697,P0715,6,2024-10-24,Cancelled,Net Banking,3863.56
O0157,C0661,P0493,5,2024-10-01,Processing,Credit Card,162.91
O0158,C0811,P0182,10,2024-08-03,Processing,Debit Card,4439.52
O0159,C0559,P0121,6,2024-05-01,Delivered,Net Banking,4861.65
O0160,C0066,P0421,8,2024-10-03,Delivered,PayPal,3918.49
O0161,C0695,P0374,7,2024-05-08,Delivered,Net Banking,425.55
O0162,C0226,P0503,7,2024-04-08,Returned,Net Banking,3626.34
O0163,C0491,P0012,9,2024-07-24,Cancelled,PayPal,887.51
O0164,C0766,P0151,7,2024-09-01,Delivered,Net Banking,1709.47
O0165,C0122,P0713,2,2024-04-13,Delivered,Debit Card,1404.25
O0166,C0136,P0225,2,2024-09-23,Returned,PayPal,1288.08
O0167,C0807,P0915,6,2024-11-08,Returned,Net Banking,819.57
O0168,C0168,P0557,5,2024-12-11,Delivered,Credit Card,4573.25
O0169,C0241,P0480,4,2024-09-07,Processing,PayPal,192.12
O0170,C0882,P0488,5,2024-04-23,Returned,Credit Card,4776.78
O0171,C0905,P0458,10,2024-08-20,Processing,Credit Card,2796.62
O0172,C0199,P0342,10,2024-10-26,Delivered,Debit Card,1961.57
O0173,C0735,P0301,4,2024-11-04,Processing,Debit Card,3630.43
O0174,C0380,P0775,5,2024-11-29,Cancelled,Debit Card,1291.67
O0175,C0823,P0002,8,2024-10-21,Delivered,Credit Card,3842.75
O0176,C0531,P0649,1,2024-09-01,Cancelled,Debit Card,3694.38
O0177,C0793,P0769,8,2024-08-25,Returned,PayPal,1690.92
O0178,C0960,P0770,10,2024-04-29,Cancelled,PayPal,4740.64
O0179,C0216,P0636,2,2024-11-17,Processing,Debit Card,1539.23
O0180,C0685,P0747,5,2024-12-05,Returned,Credit Card,4598.32
O0181,C0268,P0371,8,2024-10-13,Delivered,Debit Card,3671.55
O0182,C0590,P0583,4,2024-09-01,Returned,Credit Card,1131.49
O0183,C0848,P0496,10,2024-10-08,Delivered,Credit Card,3716.45
O0184,C0589,P0110,1,2024-10-26,Delivered,Credit Card,3631.26
O0185,C0882,P0152,5,2024-05-30,Returned,PayPal,215.77
O0186,C0033,P0105,9,2024-11-18,Cancelled,Net Banking,2073.89
O0187,C0755,P0121,9,2024-05-16,Cancelled,Credit Card,4891.09
O0188,C0716,P0247,2,2024-08-15,Cancelled,Credit Card,3126.61
O0189,C0201,P0857,10,2024-12-18,Processing,PayPal,414.84
O0190,C0241,P0577,2,2024-03-24,Delivered,Debit Card,4321.3
O0191,C0564,P0193,8,2024-09-02,Returned,Credit Card,690.33
O0192,C0086,P0131,10,2024-11-12,Returned,Debit Card,4297.55
O0193,C0849,P0003,1,2024-04-23,Delivered,PayPal,1972.36
O0194,C0093,P0996,4,2024-11-02,Processing,Debit Card,3106.0
O0195,C0593,P0725,4,2024-07-01,Returned,PayPal,3298.77
O0196,C0308,P0435,1,2024-11-16,Processing,Debit Card,2765.12
O0197,C0293,P0876,6,2024-08-22,Processing,Debit Card,1702.41
O0198,C0196,P0526,3,2024-03-28,Cancelled,PayPal,4670.78
O0199,C0452,P0042,9,2024-09-01,Returned,Debit Card,957.08
O0200,C0661,P0541,9,2024-08-02,Returned,PayPal,3431.89
O0201,C0545,P0300,5,2024-04-14,Delivered,Net Banking,1898.5
O0202,C0133,P0663,9,2024-07-13,Returned,PayPal,2471.99
O0203,C0817,P0777,9,2024-08-21,Returned,Debit Card,3865.02
O0204,C0729,P0301,1,2024-09-06,Cancelled,Net Banking,3138.52
O0205,C0371,P0791,7,2024-08-08,Returned,Net Banking,152.16
O0206,C0694,P0673,9,2024-11-30,Returned,Debit Card,4736.09
O0207,C0191,P0397,1,2024-12-22,Cancelled,Net Banking,4837.23
O0208,C0259,P0420,7,2024-08-12,Delivered,Net Banking,2340.47
O0209,C0462,P0865,2,2024-03-31,Delivered,PayPal,2341.1
O0210,C0176,P0762,6,2024-01-25,Processing,Net Banking,3800.71
O0211,C0780,P0721,10,2024-08-12,Returned,Credit Card,4397.19
O0212,C0818,P0105,8,2024-05-12,Cancelled,PayPal,1316.28
O0213,C0316,P0876,4,2024-11-05,Returned,Credit Card,1449.48
O0214,C0354,P0946,5,2024-08-04,Returned,Debit Card,2543.35
O0215,C0225,P0389,7,2024-08-26,Returned,PayPal,1836.26
O0216,C0898,P0902,6,2024-04-27,Processing,Net Banking,3637.91
O0217,C0157,P0136,10,2024-03-05,Returned,Credit Card,4232.34
O0218,C0666,P0279,8,2024-09-22,Delivered,Debit Card,3134.04
O0219,C0613,P0925,4,2024-07-28,Delivered,Credit Card,1874.49
O0220,C0302,P0104,1,2024-05-14,Returned,Net Banking,2126.09
O0221,C0069,P0621,7,2024-06-17,Returned,PayPal,819.77
O0222,C0407,P0656,1,2024-09-27,Delivered,PayPal,3524.67
O0223,C0801,P0383,2,2024-06-05,Processing,PayPal,249.62
O0224,C0106,P0909,3,2024-06-26,Returned,Credit Card,4414.19
O0225,C0067,P0878,6,2024-12-10,Delivered,Debit Card,2379.58
O0226,C0796,P0514,5,2024-01-13,Delivered,Net Banking,3775.99
O0227,C0410,P0918,3,2024-03-23,Processing,Credit Card,1058.06
O0228,C0737,P0610,5,2024-06-06,Delivered,Debit Card,4784.94
O0229,C0820,P0667,9,2024-09-02,Processing,Debit Card,1453.53
O0230,C0364,P0721,9,2024-06-27,Cancelled,PayPal,2098.61
O0231,C0680,P0043,4,2024-06-20,Returned,Debit Card,2050.17
O0232,C0694,P0577,7,2024-08-12,Processing,Credit Card,3930.52
O0233,C0932,P0850,9,2024-03-06,Delivered,Debit Card,1658.33
O0234,C0231,P0275,2,2024-07-17,Processing,Net Banking,4898.34
O0235,C0839,P0136,9,2024-01-26,Processing,Debit Card,435.79
O0236,C0560,P0841,8,2024-05-27,Processing,Debit Card,3320.42
O0237,C0647,P0455,2,2024-01-06,Processing,PayPal,868.19
O0238,C0720,P0333,2,2024-04-13,Processing,Net Banking,4075.38
O0239,C0913,P0425,4,2024-12-04,Processing,PayPal,4603.0
O0240,C0792,P0958,2,2024-12-14,Cancelled,PayPal,2604.64
O0241,C0826,P0797,6,2024-02-03,Cancelled,PayPal,4632.87
O0242,C0324,P0262,7,2024-12-27,Cancelled,Net Banking,4420.22
O0243,C0423,P0056,4,2024-07-17,Returned,PayPal,3281.6
O0244,C0661,P0669,9,2024-05-21,Returned,Credit Card,3264.75
O0245,C0275,P0779,5,2024-02-06,Cancelled,Net Banking,3167.23
O0246,C0139,P0759,5,2024-06-24,Returned,Net Banking,855.82
O0247,C0044,P0614,3,2024-10-16,Processing,PayPal,19.41
O0248,C0454,P0712,7,2024-03-05,Delivered,Credit Card,868.04
O0249,C0227,P0582,7,2024-11-17,Returned,Debit Card,1434.03
O0250,C0642,P0416,8,2024-04-17,Delivered,PayPal,2674.48
O0251,C0152,P0204,5,2024-02-14,Processing,PayPal,848.56
O0252,C0412,P0389,5,2024-02-05,Processing,Credit Card,2059.08
O0253,C0083,P0149,5,2024-10-29,Delivered,PayPal,1949.78
O0254,C0141,P0944,8,2024-11-05,Delivered,Credit Card,1583.12
O0255,C0135,P0070,4,2024-12-07,Processing,Credit Card,104.08
O0256,C0648,P0469,5,2024-08-10,Returned,Credit Card,956.36
O0257,C0948,P0691,9,2024-06-11,Cancelled,Credit Card,90.15
O0258,C0377,P0685,1,2024-10-26,Cancelled,PayPal,4642.53
O0259,C0469,P0067,5,2024-08-11,Processing,Debit Card,468.77
O0260,C0171,P0782,9,2024-03-24,Delivered,Credit Card,2936.02
O0261,C0739,P0360,8,2024-08-26,Cancelled,PayPal,282.19
O0262,C0121,P0586,5,2024-02-18,Delivered,Net Banking,1643.64
O0263,C0207,P0186,2,2024-08-28,Returned,Credit Card,754.66
O0264,C0370,P0821,10,2024-01-29,Delivered,Debit Card,4978.38
O0265,C0201,P0695,9,2024-05-13,Returned,PayPal,4929.02
O0266,C0678,P0247,2,2024-06-30,Returned,Net Banking,2080.26
O0267,C0264,P0427,3,2024-02-15,Cancelled,Credit Card,2349.31
O0268,C0170,P0560,1,2024-09-23,Returned,Credit Card,4345.41
O0269,C0887,P0701,3,2024-04-03,Cancelled,Debit Card,1922.58
O0270,C0454,P0808,10,2024-12-02,Delivered,Debit Card,3010.1
O0271,C0305,P0910,2,2024-05-11,Returned,Debit Card,4059.08
O0272,C0603,P0572,8,2024-08-30,Delivered,Net Banking,3616.98
O0273,C0393,P0461,2,2024-11-07,Returned,Credit Card,1307.9
O0274,C0326,P0423,10,2024-07-31,Cancelled,Net Banking,15.48
O0275,C0532,P0223,5,2024-07-04,Cancelled,Credit Card,2021.59
O0276,C0204,P0407,8,2025-01-03,Processing,PayPal,3865.24
O0277,C0428,P0644,3,2024-09-08,Processing,Credit Card,491.78
O0278,C0804,P0127,10,2024-07-20,Cancelled,Debit Card,2426.97
O0279,C0001,P0843,10,2024-05-08,Processing,Net Banking,3313.99
O0280,C0396,P0860,2,2024-05-11,Processing,PayPal,2406.81
O0281,C0833,P0218,3,2024-01-18,Processing,Net Banking,2197.02
O0282,C0959,P0497,8,2024-08-21,Returned,PayPal,2210.69
O0283,C0943,P0834,3,2024-01-09,Processing,Credit Card,3199.12
O0284,C0484,P0756,8,2024-02-14,Processing,Credit Card,4197.76
O0285,C0505,P0705,5,2024-11-06,Processing,Net Banking,3334.0
O0286,C0996,P0627,2,2024-06-22,Cancelled,Debit Card,1612.28
O0287,C0827,P0992,3,2024-05-07,Delivered,PayPal,1615.52
O0288,C0709,P0645,7,2024-07-13,Delivered,Debit Card,2767.65
O0289,C0196,P0247,10,2024-06-29,Delivered,Net Banking,2526.27
O0290,C0709,P0079,5,2024-11-12,Processing,Credit Card,758.1
O0291,C0717,P0486,7,2024-03-25,Delivered,PayPal,1161.34
O0292,C0890,P0870,3,2024-05-12,Cancelled,Net Banking,519.94
O0293,C0489,P0435,10,2024-09-28,Cancelled,Credit Card,2866.98
O0294,C0097,P0461,1,2024-02-07,Cancelled,Credit Card,1823.22
O0295,C0793,P0656,9,2024-04-23,Cancelled,Net Banking,3095.54
O0296,C0171,P0265,5,2024-06-09,Processing,Net Banking,104.03
O0297,C0996,P0163,2,2024-05-29,Processing,Debit Card,4364.55
O0298,C0715,P0880,10,2024-08-23,Returned,Net Banking,1277.66
O0299,C0631,P0909,8,2024-11-04,Cancelled,Credit Card,1775.09
O0300,C0944,P0215,4,2024-11-14,Delivered,Credit Card,3573.35
O0301,C0390,P0357,8,2024-06-19,Delivered,PayPal,1422.89
O0302,C0860,P0653,1,2024-10-18,Cancelled,Net Banking,3382.85
O0303,C0301,P0546,3,2024-12-13,Delivered,Credit Card,3319.78
O0304,C0173,P0501,8,2024-01-07,Processing,Credit Card,627.24
O0305,C0668,P0992,5,2024-03-17,Returned,Credit Card,2523.69
O0306,C0361,P0829,1,2024-01-10,Processing,Credit Card,3548.35
O0307,C0299,P0139,7,2024-05-16,Returned,Net Banking,2707.28
O0308,C0934,P0971,2,2024-12-20,Processing,PayPal,247.23
O0309,C0122,P0465,3,2024-03-29,Returned,Debit Card,3769.74
O0310,C0210,P0016,2,2024-08-25,Cancelled,PayPal,1186.18
O0311,C0701,P0096,5,2024-05-10,Delivered,Credit Card,1587.65
O0312,C0454,P0374,10,2024-08-04,Cancelled,Net Banking,3920.37
O0313,C0863,P0125,4,2024-10-09,Delivered,Net Banking,4173.33
O0314,C0875,P0669,3,2024-04-12,Processing,Credit Card,4153.54
O0315,C0837,P0608,4,2024-02-20,Returned,Net Banking,1110.43
O0316,C0531,P0083,1,2024-05-17,Cancelled,Net Banking,2199.82
O0317,C0420,P0436,8,2024-04-11,Delivered,Debit Card,2054.62
O0318,C0601,P0832,2,2024-02-26,Cancelled,Net Banking,323.63
O0319,C0147,P0688,7,2024-09-27,Processing,PayPal,4596.27
O0320,C0646,P0815,8,2024-09-03,Returned,Net Banking,3899.55
O0321,C0743,P0370,8,2024-12-15,Delivered,Net Banking,349.07
O0322,C0096,P0692,10,2024-05-22,Delivered,Net Banking,4406.07
O0323,C0469,P0793,2,2024-03-22,Cancelled,Net Banking,4813.17
O0324,C0730,P0228,9,2024-12-08,Returned,Debit Card,1721.29
O0325,C0213,P0369,7,2024-08-30,Cancelled,Net Banking,1596.57
O0326,C0203,P0661,3,2024-01-06,Delivered,Net Banking,1595.59
O0327,C0941,P0929,9,2024-03-22,Cancelled,Net Banking,3647.35
O0328,C0119,P0327,5,2025-01-03,Cancelled,Credit Card,1830.17
O0329,C0121,P0401,10,2024-04-10,Returned,Net Banking,1913.38
O0330,C0144,P0775,3,2024-07-29,Processing,Credit Card,934.05
O0331,C0607,P1000,5,2024-11-19,Delivered,Debit Card,910.86
O0332,C0110,P0718,5,2024-11-26,Returned,Credit Card,3390.89
O0333,C0707,P0502,8,2024-07-27,Cancelled,PayPal,1915.05
O0334,C0731,P0621,1,2024-04-14,Returned,PayPal,3380.26
O0335,C0846,P0997,1,2024-03-21,Returned,Debit Card,701.53
O0336,C0682,P0830,8,2024-03-25,Processing,Debit Card,3406.29
O0337,C0507,P0227,9,2024-10-26,Processing,Credit Card,513.31
O0338,C0553,P0897,2,2024-04-14,Cancelled,Debit Card,4496.44
O0339,C0311,P0555,10,2024-09-28,Processing,Net Banking,560.07
O0340,C0136,P0521,6,2024-08-08,Cancelled,PayPal,914.97
O0341,C0807,P0458,10,2024-02-03,Returned,PayPal,1993.47
O0342,C0013,P0246,3,2024-07-26,Cancelled,Debit Card,4240.23
O0343,C0786,P0635,1,2024-08-27,Delivered,Credit Card,4083.67
O0344,C0464,P0915,4,2024-08-14,Cancelled,Net Banking,304.64
O0345,C0884,P0556,10,2024-03-28,Returned,Net Banking,2616.91
O0346,C0827,P0505,1,2024-11-21,Delivered,Net Banking,3361.66
O0347,C0120,P0488,10,2024-03-09,Processing,Debit Card,3917.44
O0348,C0992,P0616,8,2024-10-03,Returned,PayPal,1511.25
O0349,C0417,P0375,6,2024-07-28,Processing,Debit Card,1022.31
O0350,C0459,P0290,1,2024-12-25,Cancelled,Net Banking,1748.22
O0351,C0005,P0818,1,2024-10-26,Delivered,Debit Card,798.96
O0352,C0353,P0459,4,2024-11-02,Processing,Debit Card,3672.07
O0353,C0473,P0248,10,2024-09-14,Processing,Net Banking,1078.92
O0354,C0543,P0199,1,2024-09-29,Cancelled,Credit Card,384.57
O0355,C0466,P0996,4,2024-09-19,Delivered,Net Banking,813.73
O0356,C0963,P0239,1,2024-01-06,Returned,Net Banking,4361.33
O0357,C0236,P0331,3,2024-07-04,Processing,PayPal,3528.92
O0358,C0753,P0263,6,2024-02-16,Delivered,Net Banking,2415.19
O0359,C0290,P0821,8,2024-07-14,Cancelled,PayPal,4298.63
O0360,C0315,P0732,5,2024-07-15,Delivered,PayPal,391.15
O0361,C0047,P0619,6,2024-11-23,Delivered,Net Banking,3837.8
O0362,C0470,P0103,1,2024-02-18,Returned,PayPal,1234.68
O0363,C0693,P0579,3,2024-06-19,Returned,Credit Card,2857.41
O0364,C0895,P0646,5,2024-10-22,Returned,Debit Card,2686.97
O0365,C0805,P0383,3,2024-10-16,Delivered,Net Banking,3774.43
O0366,C0759,P0147,5,2024-07-02,Returned,PayPal,2183.93
O0367,C0807,P0945,7,2024-12-09,Processing,Net Banking,4326.47
O0368,C0162,P0793,7,2024-01-08,Returned,Debit Card,2048.49
O0369,C0301,P0891,2,2024-06-10,Returned,PayPal,1401.32
O0370,C0328,P0674,8,2024-06-12,Returned,Debit Card,2060.44
O0371,C0381,P0793,7,2024-02-11,Returned,PayPal,494.29
O0372,C0826,P0355,6,2024-03-21,Processing,Debit Card,1931.21
O0373,C0604,P0157,9,2024-08-05,Processing,Credit Card,623.51
O0374,C0925,P0394,2,2024-05-12,Returned,Credit Card,36.47
O0375,C0047,P0351,10,2024-09-02,Processing,Debit Card,4229.35
O0376,C0270,P0736,9,2024-12-07,Delivered,Net Banking,3592.64
O0377,C0919,P0579,4,2024-09-04,Cancelled,Debit Card,322.69
O0378,C0594,P0600,6,2024-05-21,Processing,PayPal,1906.17
O0379,C0114,P0415,9,2024-05-28,Processing,Debit Card,2647.52
O0380,C0790,P0048,3,2024-12-14,Delivered,Net Banking,1416.85
O0381,C0409,P0768,10,2024-10-19,Cancelled,Net Banking,4004.66
O0382,C0513,P0416,10,2024-04-02,Cancelled,Net Banking,2173.66
O0383,C0802,P0488,5,2024-02-22,Returned,PayPal,2506.69
O0384,C0562,P0435,7,2024-11-18,Delivered,PayPal,3136.43
O0385,C0965,P0992,10,2024-05-07,Delivered,Credit Card,1757.08
O0386,C0184,P0390,6,2024-08-13,Processing,Credit Card,1213.88
O0387,C0743,P0531,3,2024-05-09,Processing,PayPal,1877.92
O0388,C0313,P0425,4,2024-06-15,Delivered,Net Banking,554.2
O0389,C0257,P0992,2,2024-09-20,Processing,Debit Card,4597.86
O0390,C0691,P0671,5,2024-09-02,Processing,PayPal,4295.99
O0391,C0153,P0538,4,2024-06-18,Cancelled,Debit Card,1778.77
O0392,C0826,P0037,8,2024-06-11,Processing,Net Banking,4790.22
O0393,C0411,P0743,4,2024-06-04,Processing,Credit Card,1718.46
O0394,C0811,P0439,5,2024-11-11,Cancelled,Net Banking,4995.51
O0395,C0368,P0018,4,2024-06-06,Returned,PayPal,4954.08
O0396,C0952,P0117,2,2024-10-23,Cancelled,Credit Card,1605.88
O0397,C0691,P0286,5,2024-02-15,Cancelled,PayPal,2921.66
O0398,C0761,P0638,1,2024-04-24,Processing,PayPal,690.25
O0399,C0578,P0135,4,2024-10-22,Returned,PayPal,851.38
O0400,C0107,P0811,8,2024-10-13,Cancelled,Net Banking,4566.45
O0401,C0139,P0764,1,2024-10-18,Processing,Debit Card,4746.89
O0402,C0957,P0179,1,2024-03-27,Cancelled,PayPal,4503.83
O0403,C0044,P0057,8,2024-05-18,Processing,Net Banking,4617.26
O0404,C0142,P0011,10,2024-07-27,Delivered,Debit Card,3203.63
O0405,C0703,P0163,8,2024-08-22,Delivered,Credit Card,1970.95
O0406,C0555,P0309,9,2024-12-06,Processing,Debit Card,4045.6
O0407,C0179,P0205,8,2024-08-07,Delivered,Debit Card,1730.92
O0408,C0757,P0775,9,2024-09-15,Cancelled,PayPal,4965.05
O0409,C0139,P0875,3,2024-01-08,Delivered,PayPal,4172.45
O0410,C0491,P0907,1,2024-08-01,Delivered,Net Banking,4978.84
O0411,C0566,P0056,4,2024-05-11,Cancelled,Credit Card,320.76
O0412,C0937,P0280,9,2024-03-26,Processing,PayPal,224.83
O0413,C0022,P0666,8,2024-04-28,Delivered,PayPal,1433.76
O0414,C0699,P0325,10,2024-06-20,Processing,PayPal,3619.17
O0415,C0726,P0733,10,2024-03-02,Cancelled,Debit Card,598.08
O0416,C0893,P0626,5,2024-09-02,Cancelled,Credit Card,1979.0
O0417,C0811,P0939,2,2024-04-29,Cancelled,Debit Card,2742.54
O0418,C0160,P0939,5,2024-01-23,Delivered,Net Banking,3937.93
O0419,C0671,P0494,6,2024-09-21,Cancelled,PayPal,2180.97
O0420,C0717,P0898,9,2024-06-23,Delivered,PayPal,3323.35
O0421,C0044,P0669,6,2024-06-23,Delivered,Net Banking,904.48
O0422,C0369,P0890,1,2024-08-02,Returned,Net Banking,2831.05
O0423,C0291,P0377,10,2024-12-27,Delivered,PayPal,3431.44
O0424,C0735,P0618,8,2024-05-15,Delivered,Debit Card,174.7
O0425,C0288,P0210,8,2024-10-30,Processing,PayPal,935.39
O0426,C0842,P0956,6,2024-04-13,Cancelled,Debit Card,2721.28
O0427,C0511,P0858,6,2024-09-02,Processing,PayPal,1882.11
O0428,C0391,P0544,7,2024-12-22,Processing,PayPal,112.07
O0429,C0485,P0692,6,2024-02-23,Returned,Credit Card,82.65
O0430,C0534,P0727,6,2024-04-09,Cancelled,Debit Card,2631.58
O0431,C0642,P0967,8,2024-09-12,Cancelled,Net Banking,1535.09
O0432,C0280,P0593,3,2024-09-09,Cancelled,Debit Card,2594.47
O0433,C0202,P0628,9,2024-09-18,Delivered,Debit Card,26.99
O0434,C0282,P0233,3,2024-11-21,Returned,Debit Card,3853.05
O0435,C0370,P0356,8,2024-04-13,Returned,PayPal,2259.5
O0436,C0551,P0645,3,2024-11-20,Delivered,PayPal,4673.72
O0437,C0603,P0464,9,2024-08-09,Processing,Net Banking,931.05
O0438,C0265,P0151,6,2024-02-15,Returned,PayPal,4506.86
O0439,C0762,P0472,1,2024-08-08,Processing,Credit Card,3312.28
O0440,C0236,P0824,5,2024-09-19,Delivered,PayPal,899.32
O0441,C0276,P0323,9,2024-02-12,Delivered,PayPal,4561.56
O0442,C0013,P0799,1,2024-11-25,Delivered,Debit Card,1471.16
O0443,C0216,P0841,6,2024-09-11,Processing,PayPal,1190.56
O0444,C0815,P0236,8,2024-05-30,Processing,Credit Card,284.04
O0445,C0769,P0439,3,2024-12-05,Delivered,Net Banking,557.04
O0446,C0061,P0365,7,2024-05-17,Delivered,PayPal,2003.89
O0447,C0580,P0798,3,2024-12-08,Processing,PayPal,651.86
O0448,C0739,P0620,7,2024-09-20,Returned,PayPal,1853.43
O0449,C0496,P0795,6,2024-05-09,Cancelled,PayPal,4063.74
O0450,C0392,P0707,7,2024-06-11,Delivered,Net Banking,1719.4
O0451,C0682,P0084,6,2024-10-14,Cancelled,PayPal,4063.25
O0452,C0409,P0177,7,2024-02-18,Delivered,PayPal,758.74
O0453,C0800,P0723,7,2024-09-28,Processing,Credit Card,3784.61
O0454,C0449,P0969,3,2024-02-14,Delivered,Debit Card,1538.37
O0455,C0161,P0939,3,2024-03-19,Processing,Credit Card,3305.41
O0456,C0451,P0438,2,2024-06-28,Returned,Net Banking,1404.73
O0457,C0193,P0863,3,2024-12-31,Returned,Net Banking,4748.47
O0458,C0254,P0927,6,2024-07-04,Returned,Debit Card,1740.61
O0459,C0483,P0220,5,2024-08-09,Delivered,Debit Card,4131.13
O0460,C0099,P0238,7,2024-08-27,Returned,Net Banking,3512.32
O0461,C0253,P0829,6,2024-12-21,Cancelled,Net Banking,4688.28
O0462,C0107,P0145,9,2024-09-01,Processing,Net Banking,2784.25
O0463,C0552,P0781,5,2024-06-06,Cancelled,PayPal,4660.08
O0464,C0243,P0353,1,2024-03-13,Delivered,Credit Card,341.6
O0465,C0225,P0138,5,2024-12-25,Cancelled,Net Banking,1308.59
O0466,C0800,P0039,2,2024-12-06,Delivered,Credit Card,536.65
O0467,C0641,P0691,3,2024-06-16,Delivered,Debit Card,2182.93
O0468,C0190,P0963,10,2024-09-18,Cancelled,Net Banking,4669.05
O0469,C0029,P0095,10,2024-04-02,Delivered,PayPal,1745.94
O0470,C0555,P0672,2,2024-12-03,Processing,Credit Card,2826.14
O0471,C0148,P0184,6,2024-12-25,Returned,Net Banking,2378.94
O0472,C0439,P0984,9,2024-08-08,Returned,Credit Card,1940.1
O0473,C0613,P0820,10,2024-04-03,Processing,Net Banking,2625.15
O0474,C0205,P0409,4,2024-05-08,Processing,Debit Card,1778.12
O0475,C0817,P0690,8,2024-10-03,Processing,Debit Card,2818.05
O0476,C0904,P0980,5,2024-05-13,Processing,PayPal,2524.29
O0477,C0454,P0770,10,2024-07-18,Processing,Net Banking,2577.36
O0478,C0377,P0605,6,2024-06-02,Cancelled,PayPal,263.61
O0479,C0124,P0137,4,2024-04-10,Processing,PayPal,2563.19
O0480,C0336,P0977,9,2024-01-06,Processing,Net Banking,4513.68
O0481,C0155,P0937,6,2024-08-13,Processing,PayPal,4040.87
O0482,C0595,P0665,10,2024-04-12,Cancelled,Net Banking,4330.13
O0483,C0530,P0475,6,2024-06-04,Delivered,PayPal,2147.09
O0484,C0573,P0066,5,2024-06-19,Delivered,Debit Card,1219.31
O0485,C0663,P0042,5,2024-04-11,Cancelled,Debit Card,3679.77
O0486,C0949,P0383,9,2024-09-24,Processing,Net Banking,3533.71
O0487,C0728,P0265,7,2024-08-15,Cancelled,PayPal,1337.68
O0488,C0689,P0555,5,2024-07-27,Cancelled,PayPal,2835.64
O0489,C0992,P0596,1,2024-04-15,Processing,Debit Card,123.15
O0490,C0953,P0511,6,2024-10-20,Returned,Net Banking,1752.14
O0491,C0553,P0461,1,2024-07-04,Processing,Debit Card,3968.09
O0492,C0576,P0853,6,2024-06-24,Processing,Debit Card,1768.44
O0493,C0543,P0656,2,2024-04-24,Processing,PayPal,2260.06
O0494,C0162,P0420,4,2024-09-09,Processing,Credit Card,3808.25
O0495,C0204,P0280,9,2024-06-03,Cancelled,PayPal,1657.77
O0496,C0367,P0193,6,2024-06-01,Delivered,Debit Card,1085.48
O0497,C0584,P0571,7,2024-08-28,Processing,PayPal,4539.74
O0498,C0539,P0027,9,2024-06-19,Delivered,Net Banking,3110.65
O0499,C0011,P0022,9,2024-08-21,Returned,Net Banking,4689.52
O0500,C0991,P0109,9,2024-04-14,Returned,Net Banking,2270.53
O0501,C0221,P0318,2,2024-02-27,Returned,PayPal,3279.63
O0502,C0860,P0899,1,2024-08-04,Delivered,Credit Card,2891.91
O0503,C0803,P0538,7,2024-04-03,Cancelled,Credit Card,1333.76
O0504,C0788,P0583,9,2024-02-20,Delivered,Net Banking,923.01
O0505,C0196,P0021,5,2024-03-23,Delivered,Debit Card,763.01
O0506,C0781,P0033,4,2024-02-11,Returned,Net Banking,13.99
O0507,C0187,P0034,7,2024-12-30,Processing,Credit Card,334.29
O0508,C0566,P0053,2,2024-10-19,Returned,PayPal,2649.35
O0509,C0929,P0797,7,2024-12-09,Cancelled,PayPal,1985.3
O0510,C0976,P0913,4,2024-02-18,Cancelled,PayPal,3223.47
O0511,C0362,P0074,1,2024-05-23,Cancelled,Net Banking,3990.12
O0512,C0713,P0321,7,2024-09-12,Delivered,Credit Card,3812.91
O0513,C0255,P0044,6,2024-09-15,Cancelled,Credit Card,3714.26
O0514,C0316,P0475,8,2024-03-21,Cancelled,Net Banking,3850.31
O0515,C0024,P0851,6,2024-01-28,Cancelled,Net Banking,4754.39
O0516,C0041,P0459,8,2024-05-09,Delivered,Debit Card,3915.74
O0517,C0751,P0072,4,2024-03-25,Processing,Debit Card,3589.97
O0518,C0132,P0230,4,2024-08-14,Delivered,Debit Card,592.91
O0519,C0988,P0661,2,2024-06-22,Processing,PayPal,3012.45
O0520,C0337,P0755,4,2024-04-11,Processing,Debit Card,3928.0
O0521,C0011,P0901,2,2024-05-20,Delivered,PayPal,568.33
O0522,C0305,P0117,8,2024-10-02,Processing,Net Banking,1458.63
O0523,C0167,P0920,9,2024-04-11,Delivered,PayPal,3335.94
O0524,C0622,P0479,1,2024-09-08,Cancelled,PayPal,301.75
O0525,C0450,P0369,10,2024-12-20,Delivered,Credit Card,3992.75
O0526,C0179,P0524,4,2024-07-22,Delivered,Debit Card,4750.29
O0527,C0473,P0611,1,2024-12-03,Delivered,PayPal,3009.07
O0528,C0066,P0075,4,2024-03-14,Cancelled,Debit Card,1941.95
O0529,C0929,P0107,10,2024-03-27,Delivered,Debit Card,667.92
O0530,C0135,P0881,3,2024-10-27,Returned,PayPal,3800.89
O0531,C0077,P0278,2,2024-05-15,Processing,Net Banking,2298.9
O0532,C0075,P0597,10,2024-05-30,Processing,Net Banking,4493.28
O0533,C0045,P0350,10,2024-10-13,Processing,Net Banking,1277.44
O0534,C0663,P0978,9,2024-05-29,Delivered,Debit Card,4841.67
O0535,C0323,P0002,10,2024-08-01,Processing,Net Banking,943.71
O0536,C0157,P0425,9,2024-06-08,Processing,Credit Card,4887.51
O0537,C0366,P0315,7,2024-03-10,Delivered,PayPal,2273.74
O0538,C0598,P0179,2,2024-08-15,Returned,Debit Card,3079.9
O0539,C0200,P0882,6,2024-09-19,Cancelled,Net Banking,4947.03
O0540,C0848,P0122,8,2024-03-26,Cancelled,Net Banking,3461.46
O0541,C0710,P0340,8,2024-06-25,Cancelled,Net Banking,2062.77
O0542,C0359,P0846,1,2024-08-26,Delivered,Debit Card,399.21
O0543,C0475,P0055,5,2024-01-28,Cancelled,Net Banking,3058.39
O0544,C0277,P0861,8,2024-07-26,Cancelled,Debit Card,4982.13
O0545,C0544,P0980,4,2024-11-01,Cancelled,PayPal,860.09
O0546,C0962,P0184,5,2024-11-21,Delivered,Credit Card,979.63
O0547,C0688,P0620,4,2024-11-03,Delivered,PayPal,3594.94
O0548,C0910,P0906,7,2024-03-25,Cancelled,Credit Card,487.56
O0549,C0842,P0143,7,2024-07-02,Processing,Debit Card,4796.4
O0550,C0282,P0276,10,2024-07-09,Returned,PayPal,291.4
O0551,C0553,P0899,6,2024-05-03,Cancelled,PayPal,4229.27
O0552,C0050,P0205,1,2024-01-17,Cancelled,Credit Card,1640.47
O0553,C0247,P0673,7,2024-02-10,Returned,Credit Card,3870.6
O0554,C0587,P0218,8,2024-07-23,Cancelled,Net Banking,4697.29
O0555,C0061,P0771,7,2024-01-26,Returned,Net Banking,4831.4
O0556,C0275,P0153,10,2024-09-09,Delivered,PayPal,4231.51
O0557,C0175,P0702,9,2024-02-20,Delivered,Credit Card,4938.88
O0558,C0071,P0257,10,2024-04-12,Processing,Debit Card,2581.87
O0559,C0661,P0837,8,2024-05-14,Processing,Debit Card,693.08
O0560,C0777,P0331,9,2024-08-25,Processing,Net Banking,207.53
O0561,C0106,P0383,3,2024-11-18,Cancelled,Credit Card,4429.39
O0562,C0503,P0626,1,2024-05-30,Cancelled,Debit Card,4253.53
O0563,C0261,P0843,10,2024-02-05,Delivered,PayPal,2858.42
O0564,C0912,P0932,2,2024-02-23,Cancelled,Credit Card,2958.89
O0565,C0008,P0193,3,2024-05-01,Delivered,PayPal,3073.5
O0566,C0580,P0708,8,2024-06-30,Returned,PayPal,1399.76
O0567,C0039,P0091,8,2024-06-06,Returned,Net Banking,2519.76
O0568,C0127,P0294,4,2024-07-29,Delivered,Net Banking,2651.9
O0569,C0890,P0792,3,2024-08-21,Delivered,Net Banking,1065.71
O0570,C0995,P0157,6,2024-11-03,Cancelled,Debit Card,916.48
O0571,C0504,P0648,1,2024-05-27,Cancelled,Debit Card,2164.24
O0572,C0892,P0586,6,2024-02-14,Cancelled,Credit Card,4740.94
O0573,C0519,P0663,3,2024-03-03,Cancelled,Credit Card,2270.31
O0574,C0596,P0648,4,2024-10-14,Returned,Debit Card,3638.4
O0575,C0615,P0117,3,2024-01-09,Cancelled,Credit Card,4114.58
O0576,C0661,P0822,4,2024-10-13,Returned,Credit Card,760.24
O0577,C0337,P0487,9,2024-11-22,Processing,Net Banking,4482.0
O0578,C0208,P0924,9,2024-08-25,Processing,Debit Card,141.65
O0579,C0302,P0483,10,2024-05-20,Processing,PayPal,3752.19
O0580,C0141,P0685,2,2024-08-23,Processing,Net Banking,4307.32
O0581,C0944,P0435,8,2024-02-06,Returned,Debit Card,4357.02
O0582,C0894,P0097,7,2024-03-19,Delivered,PayPal,616.0
O0583,C0538,P0734,1,2024-12-06,Processing,Credit Card,1125.16
O0584,C0505,P0947,7,2024-08-19,Delivered,Debit Card,3467.65
O0585,C0017,P0251,9,2024-01-21,Processing,Credit Card,3672.77
O0586,C0463,P0642,7,2024-12-01,Processing,Credit Card,4427.03
O0587,C0598,P0565,4,2024-03-02,Delivered,Debit Card,4094.44
O0588,C0965,P0490,6,2024-07-20,Delivered,Credit Card,3254.83
O0589,C0277,P0023,2,2024-07-04,Processing,Debit Card,4283.9
O0590,C0286,P0507,5,2024-11-09,Cancelled,Net Banking,1082.39
O0591,C0494,P0077,5,2024-11-16,Processing,Debit Card,3441.83
O0592,C0789,P0370,4,2024-10-19,Cancelled,Debit Card,1697.3
O0593,C0794,P0408,4,2024-03-28,Processing,Net Banking,4413.69
O0594,C0067,P0434,3,2024-08-06,Cancelled,PayPal,3910.18
O0595,C0051,P0549,10,2024-05-12,Processing,Credit Card,1396.7
O0596,C0837,P0467,3,2024-11-26,Processing,PayPal,2879.91
O0597,C0549,P0130,9,2024-10-29,Cancelled,Net Banking,4896.47
O0598,C0951,P0863,2,2024-03-15,Delivered,PayPal,1738.99
O0599,C0074,P0870,3,2024-11-25,Returned,Credit Card,4144.27
O0600,C0886,P0870,4,2024-09-26,Returned,PayPal,1185.2
O0601,C0836,P0724,10,2024-10-10,Delivered,PayPal,4419.4
O0602,C0811,P0187,3,2024-04-05,Processing,Credit Card,3125.42
O0603,C0827,P0108,10,2024-03-31,Returned,Credit Card,666.83
O0604,C0520,P0651,7,2024-06-05,Processing,Credit Card,4506.73
O0605,C0433,P0185,7,2024-12-22,Processing,Debit Card,907.32
O0606,C0063,P0754,10,2024-03-03,Processing,Debit Card,3301.46
O0607,C0588,P0411,3,2024-03-02,Processing,PayPal,734.02
O0608,C0766,P0125,8,2024-06-16,Processing,Net Banking,1004.21
O0609,C0779,P0872,5,2024-03-16,Processing,Net Banking,266.68
O0610,C0654,P0520,2,2024-07-21,Returned,Debit Card,3746.27
O0611,C0413,P0990,1,2024-06-18,Returned,Credit Card,4416.82
O0612,C0285,P0054,5,2024-02-22,Returned,Debit Card,493.71
O0613,C0834,P0867,2,2024-04-19,Delivered,Net Banking,1632.61
O0614,C0944,P0788,10,2024-07-07,Cancelled,Net Banking,3812.84
O0615,C0770,P0002,10,2024-08-08,Cancelled,Net Banking,3123.7
O0616,C0013,P0676,9,2024-02-02,Processing,PayPal,1321.9
O0617,C0876,P0135,8,2024-11-01,Delivered,Net Banking,405.44
O0618,C0935,P0491,1,2024-09-18,Returned,Debit Card,4088.46
O0619,C0176,P0270,9,2024-06-22,Returned,Debit Card,3827.28
O0620,C0048,P0186,2,2024-10-09,Processing,PayPal,4773.93
O0621,C0228,P0356,10,2024-10-27,Delivered,Debit Card,2734.1
O0622,C0397,P0407,5,2024-12-23,Cancelled,Credit Card,2709.39
O0623,C0604,P0716,2,2024-02-21,Cancelled,Net Banking,3534.78
O0624,C0812,P0797,10,2024-08-06,Processing,PayPal,3427.41
O0625,C0262,P0493,4,2024-05-21,Returned,PayPal,2511.01
O0626,C0164,P0848,3,2024-06-30,Cancelled,Net Banking,1755.95
O0627,C0188,P0146,6,2024-12-18,Processing,Debit Card,3662.4
O0628,C0142,P0729,6,2024-04-03,Delivered,Net Banking,2199.1
O0629,C0968,P0431,3,2024-04-28,Delivered,PayPal,4321.55
O0630,C0343,P0121,10,2024-12-30,Processing,Debit Card,1121.65
O0631,C0966,P0088,4,2024-12-02,Cancelled,Net Banking,715.31
O0632,C0053,P0484,4,2024-04-16,Cancelled,Credit Card,2732.66
O0633,C0303,P0818,10,2024-12-13,Delivered,Debit Card,3933.32
O0634,C0817,P0443,7,2024-08-16,Processing,Debit Card,2324.71
O0635,C0642,P0732,6,2024-06-18,Cancelled,Debit Card,4089.57
O0636,C0324,P0356,10,2024-05-31,Processing,Debit Card,1255.07
O0637,C0479,P0698,6,2024-03-20,Processing,Debit Card,2707.53
O0638,C0217,P0413,8,2024-03-07,Processing,Net Banking,2843.49
O0639,C0678,P0777,6,2024-02-29,Cancelled,Credit Card,2382.88
O0640,C0800,P0148,8,2024-03-05,Delivered,Credit Card,4206.72
O0641,C0629,P0926,8,2024-12-27,Delivered,PayPal,1011.44
O0642,C0561,P0855,5,2024-08-08,Returned,PayPal,3886.93
O0643,C0799,P0342,2,2024-07-30,Returned,Net Banking,3102.19
O0644,C0333,P0732,4,2024-06-25,Cancelled,Debit Card,1036.11
O0645,C0931,P0842,6,2024-04-11,Cancelled,PayPal,776.39
O0646,C0285,P0327,6,2024-04-05,Returned,Net Banking,2409.41
O0647,C0103,P0086,7,2024-09-12,Cancelled,PayPal,1675.01
O0648,C0202,P0746,7,2024-07-10,Returned,Net Banking,3796.65
O0649,C0294,P0496,9,2024-05-08,Returned,PayPal,3547.81
O0650,C0713,P0057,7,2024-08-23,Processing,PayPal,2459.5
O0651,C0796,P0235,5,2024-05-13,Processing,PayPal,1377.65
O0652,C0315,P0049,9,2024-05-14,Cancelled,Debit Card,4532.32
O0653,C0367,P0681,4,2024-08-01,Returned,Credit Card,4997.61
O0654,C0620,P0966,10,2024-02-03,Cancelled,Credit Card,1705.13
O0655,C0130,P0591,10,2024-05-31,Delivered,PayPal,3143.8
O0656,C0798,P0867,5,2024-03-29,Delivered,PayPal,2101.24
O0657,C0209,P0495,7,2024-05-04,Returned,PayPal,3536.79
O0658,C0820,P0900,2,2024-02-03,Returned,Credit Card,3263.57
O0659,C0307,P0584,10,2024-06-08,Delivered,Net Banking,1637.87
O0660,C0444,P0625,1,2024-01-12,Processing,Net Banking,4637.63
O0661,C0521,P0935,10,2024-07-11,Cancelled,Net Banking,2126.54
O0662,C0015,P0887,2,2024-12-10,Processing,Credit Card,1938.66
O0663,C0778,P0345,7,2024-11-05,Cancelled,PayPal,617.83
O0664,C0342,P0834,3,2024-12-13,Cancelled,Net Banking,4334.44
O0665,C0174,P0634,7,2024-03-26,Cancelled,Net Banking,4235.2
O0666,C0650,P0491,9,2024-09-09,Returned,PayPal,2383.53
O0667,C0301,P0075,3,2024-07-12,Cancelled,Debit Card,1231.51
O0668,C0307,P0829,8,2024-01-22,Processing,PayPal,3771.9
O0669,C0077,P0352,5,2024-10-09,Delivered,PayPal,2378.05
O0670,C0436,P0492,2,2024-09-27,Returned,Debit Card,3133.99
O0671,C0231,P0678,7,2024-11-03,Cancelled,PayPal,1229.58
O0672,C0704,P0665,1,2024-07-16,Delivered,Credit Card,757.08
O0673,C0711,P0540,10,2024-09-13,Processing,PayPal,1192.17
O0674,C0977,P0439,10,2024-04-01,Returned,Debit Card,1484.19
O0675,C0111,P0981,8,2024-03-13,Cancelled,Net Banking,796.14
O0676,C0040,P0531,9,2024-05-07,Processing,Debit Card,1913.67
O0677,C0196,P0358,8,2024-07-06,Delivered,PayPal,1788.75
O0678,C0138,P0414,9,2024-12-07,Delivered,Debit Card,88.65
O0679,C0794,P0704,1,2024-02-28,Delivered,Debit Card,181.08
O0680,C0139,P0165,9,2024-09-19,Returned,PayPal,2937.27
O0681,C0322,P0691,7,2024-02-03,Delivered,Net Banking,36.63
O0682,C0012,P0433,1,2024-09-12,Delivered,Credit Card,3787.2
O0683,C0933,P0977,3,2024-11-11,Processing,Credit Card,170.64
O0684,C0819,P0317,8,2024-07-31,Delivered,Debit Card,3785.02
O0685,C0757,P0368,3,2024-08-28,Processing,PayPal,2701.32
O0686,C0697,P0168,10,2024-12-21,Returned,Credit Card,2070.64
O0687,C0263,P0473,8,2024-03-13,Cancelled,Net Banking,4790.42
O0688,C0337,P0109,5,2024-02-05,Delivered,Debit Card,1474.24
O0689,C0503,P0503,5,2024-01-11,Delivered,Net Banking,2147.52
O0690,C0960,P0961,6,2024-08-15,Delivered,Debit Card,891.82
O0691,C0113,P0836,9,2024-04-18,Cancelled,PayPal,4627.63
O0692,C0193,P0359,1,2024-04-04,Cancelled,Credit Card,1074.24
O0693,C0388,P0603,5,2024-08-03,Returned,PayPal,4249.22
O0694,C0079,P0515,10,2024-04-07,Delivered,PayPal,2305.36
O0695,C0788,P0045,6,2024-06-19,Returned,Credit Card,1202.7
O0696,C0169,P0421,3,2024-12-24,Processing,Net Banking,4874.84
O0697,C0873,P0985,6,2024-12-25,Delivered,Credit Card,884.73
O0698,C0134,P0384,7,2024-09-27,Cancelled,Net Banking,4103.15
O0699,C0425,P0808,4,2024-10-31,Delivered,Credit Card,645.64
O0700,C0932,P0576,10,2024-08-09,Cancelled,Credit Card,4540.14
O0701,C0811,P0655,2,2024-12-28,Returned,Net Banking,4625.99
O0702,C0393,P0967,6,2024-08-29,Processing,Debit Card,4680.85
O0703,C0393,P0024,2,2024-11-26,Delivered,Net Banking,1520.29
O0704,C0446,P0745,6,2024-09-06,Delivered,PayPal,2353.5
O0705,C0137,P0361,1,2024-11-19,Processing,Net Banking,4314.21
O0706,C0910,P0010,2,2024-12-27,Delivered,Net Banking,3540.34
O0707,C0885,P0467,3,2024-12-24,Delivered,Net Banking,3683.06
O0708,C0583,P0134,1,2024-06-27,Cancelled,PayPal,3160.4
O0709,C0230,P0282,5,2024-05-25,Delivered,PayPal,4077.1
O0710,C0661,P0387,1,2024-07-23,Processing,Credit Card,3326.93
O0711,C0581,P0717,1,2024-01-19,Cancelled,Net Banking,651.31
O0712,C0211,P0754,8,2024-05-17,Returned,Debit Card,3748.07
O0713,C0544,P0835,10,2024-06-15,Returned,PayPal,300.14
O0714,C0046,P0141,7,2024-09-06,Delivered,Debit Card,3391.92
O0715,C0109,P0834,4,2024-03-25,Delivered,Net Banking,620.13
O0716,C0650,P0023,8,2024-04-24,Returned,Debit Card,336.98
O0717,C0857,P0120,8,2024-04-12,Cancelled,Credit Card,4433.35
O0718,C0810,P0471,1,2024-06-05,Cancelled,Net Banking,3687.12
O0719,C0404,P0608,9,2024-11-20,Delivered,Credit Card,396.54
O0720,C0695,P0286,3,2024-01-31,Returned,Debit Card,3805.32
O0721,C0975,P0535,8,2024-01-28,Cancelled,Debit Card,2042.61
O0722,C0536,P0145,6,2024-09-07,Delivered,Credit Card,179.07
O0723,C0649,P0076,2,2024-12-11,Delivered,Net Banking,4648.17
O0724,C0858,P0829,1,2024-03-27,Returned,PayPal,134.56
O0725,C0945,P0668,3,2024-05-14,Cancelled,Credit Card,610.35
O0726,C0314,P0955,2,2024-12-25,Returned,Net Banking,2723.1
O0727,C0106,P0932,2,2024-09-30,Cancelled,Credit Card,1732.43
O0728,C0075,P0133,5,2024-05-24,Processing,Debit Card,4654.93
O0729,C0186,P0477,8,2024-11-24,Processing,Debit Card,4362.47
O0730,C0609,P0309,4,2024-03-04,Returned,PayPal,3779.99
O0731,C0572,P0012,8,2024-11-01,Cancelled,Debit Card,249.98
O0732,C0449,P0737,1,2024-07-17,Delivered,PayPal,4175.31
O0733,C0623,P0373,6,2024-04-18,Returned,Debit Card,4297.23
O0734,C0125,P0933,7,2024-03-31,Returned,Debit Card,2187.02
O0735,C0678,P0810,6,2024-07-25,Cancelled,PayPal,3569.23
O0736,C0382,P0490,2,2024-08-05,Cancelled,Net Banking,4666.38
O0737,C0283,P0118,6,2024-10-24,Returned,Net Banking,3290.35
O0738,C0861,P0069,3,2024-03-28,Cancelled,Debit Card,3614.02
O0739,C0861,P0460,1,2024-07-15,Cancelled,PayPal,1251.54
O0740,C0438,P0308,8,2024-05-29,Processing,Net Banking,1162.23
O0741,C0723,P0672,1,2024-08-20,Returned,PayPal,2114.87
O0742,C0375,P0789,3,2024-04-14,Returned,PayPal,693.21
O0743,C0707,P0876,6,2024-03-14,Cancelled,Credit Card,481.56
O0744,C0832,P0599,5,2024-08-13,Returned,Credit Card,3140.93
O0745,C0339,P0364,4,2024-03-26,Delivered,Debit Card,796.0
O0746,C0931,P0455,6,2024-09-20,Returned,Debit Card,2699.45
O0747,C0488,P0629,9,2024-12-09,Returned,Net Banking,3973.97
O0748,C0231,P0157,9,2024-09-27,Cancelled,Net Banking,4395.19
O0749,C0577,P0442,4,2024-06-24,Returned,Debit Card,653.81
O0750,C0084,P0871,7,2024-05-05,Returned,Debit Card,4191.94
O0751,C0555,P0758,7,2024-08-14,Cancelled,PayPal,1539.91
O0752,C0459,P0148,9,2024-03-08,Processing,PayPal,4404.22
O0753,C0515,P0159,10,2024-01-30,Cancelled,Credit Card,1110.27
O0754,C0030,P0801,1,2024-10-07,Processing,Debit Card,1902.59
O0755,C0292,P0503,4,2024-09-03,Processing,Credit Card,657.26
O0756,C0098,P0062,3,2024-10-13,Cancelled,Net Banking,3367.39
O0757,C0636,P0119,3,2024-09-29,Cancelled,PayPal,1388.69
O0758,C0156,P0169,1,2024-07-13,Returned,Credit Card,3808.1
O0759,C0948,P0515,3,2024-01-23,Delivered,Credit Card,4638.18
O0760,C0349,P0291,6,2024-04-27,Cancelled,Credit Card,4409.5
O0761,C0331,P0304,2,2024-12-14,Delivered,Credit Card,4907.06
O0762,C0951,P0973,4,2024-06-21,Delivered,PayPal,994.13
O0763,C0911,P0349,1,2024-12-17,Cancelled,Net Banking,1717.38
O0764,C0425,P0851,6,2024-11-20,Processing,Debit Card,4177.97
O0765,C0914,P0145,2,2024-04-16,Delivered,Debit Card,4708.71
O0766,C0004,P0423,4,2024-02-04,Processing,Credit Card,1905.27
O0767,C0438,P0294,7,2024-01-12,Returned,Debit Card,1763.96
O0768,C0453,P0721,9,2024-06-06,Processing,Debit Card,3384.29
O0769,C0270,P0825,3,2024-12-25,Processing,Debit Card,1528.85
O0770,C0858,P0958,8,2024-08-24,Cancelled,PayPal,1993.1
O0771,C0468,P0426,1,2024-11-17,Cancelled,Debit Card,4371.73
O0772,C0487,P0745,9,2024-08-14,Cancelled,Net Banking,4209.23
O0773,C0059,P0195,9,2024-07-14,Returned,Credit Card,1889.55
O0774,C0723,P0570,10,2024-02-28,Returned,Credit Card,3468.25
O0775,C0962,P0424,3,2024-06-13,Delivered,Credit Card,4396.21
O0776,C0952,P0684,7,2024-06-10,Processing,Debit Card,4461.26
O0777,C0475,P0808,6,2024-01-12,Processing,Credit Card,529.59
O0778,C0387,P0937,10,2024-04-26,Processing,Debit Card,4701.52
O0779,C0624,P0214,5,2024-02-23,Cancelled,PayPal,763.26
O0780,C0968,P0637,3,2024-11-17,Returned,Debit Card,4152.68
O0781,C0544,P0129,1,2024-08-24,Delivered,PayPal,3258.75
O0782,C0128,P0324,3,2024-01-19,Cancelled,PayPal,1077.43
O0783,C0101,P0250,5,2024-03-24,Cancelled,Debit Card,3023.7
O0784,C0790,P0534,2,2024-07-24,Cancelled,PayPal,1394.73
O0785,C0489,P0114,10,2024-01-24,Cancelled,Credit Card,4827.16
O0786,C0180,P0856,5,2024-10-18,Processing,Debit Card,2962.28
O0787,C0006,P0817,1,2024-12-10,Returned,Credit Card,2585.04
O0788,C0710,P0803,2,2024-08-09,Returned,Credit Card,3974.96
O0789,C0512,P0644,9,2024-12-14,Processing,Debit Card,3430.81
O0790,C0017,P0392,8,2024-08-08,Delivered,Credit Card,1253.64
O0791,C0681,P0608,6,2024-04-01,Cancelled,Debit Card,3365.89
O0792,C0070,P0068,1,2024-05-27,Processing,Debit Card,1420.84
O0793,C0389,P0798,1,2024-04-17,Cancelled,PayPal,4359.57
O0794,C0609,P0324,7,2024-07-09,Cancelled,Credit Card,4604.14
O0795,C0612,P0433,1,2024-08-01,Delivered,Credit Card,14.57
O0796,C0262,P0275,6,2024-07-31,Processing,Credit Card,4608.41
O0797,C0384,P0807,6,2024-07-24,Returned,Debit Card,910.28
O0798,C0449,P0862,3,2024-01-29,Returned,Net Banking,554.51
O0799,C0544,P0908,3,2024-12-18,Cancelled,Debit Card,1765.87
O0800,C0266,P0605,3,2024-04-18,Delivered,Credit Card,3895.29
O0801,C0823,P0050,6,2024-06-19,Cancelled,Net Banking,1239.27
O0802,C0891,P0114,8,2024-08-04,Returned,Debit Card,4814.03
O0803,C0340,P0146,4,2024-07-02,Processing,Debit Card,3379.23
O0804,C0519,P0530,7,2024-09-12,Processing,Credit Card,4025.95
O0805,C0872,P0890,2,2024-02-27,Cancelled,Debit Card,1887.93
O0806,C0321,P0052,7,2024-10-24,Delivered,Net Banking,3315.0
O0807,C0419,P0493,9,2024-07-26,Delivered,Net Banking,4073.11
O0808,C0474,P0332,2,2024-03-08,Processing,Credit Card,1003.74
O0809,C0213,P0649,8,2024-01-06,Returned,Net Banking,1413.07
O0810,C0718,P0190,5,2024-08-19,Delivered,Debit Card,237.56
O0811,C0183,P0803,2,2024-10-19,Delivered,PayPal,3049.72
O0812,C0135,P0037,7,2024-05-12,Processing,Credit Card,4838.82
O0813,C0462,P0459,5,2024-02-02,Cancelled,Net Banking,4981.04
O0814,C0659,P0154,9,2024-08-21,Processing,Net Banking,3866.64
O0815,C0972,P0004,7,2024-09-28,Processing,PayPal,457.65
O0816,C0216,P0915,8,2024-06-11,Returned,Net Banking,291.43
O0817,C0101,P0107,7,2024-08-09,Returned,PayPal,4231.39
O0818,C0680,P0914,4,2024-03-28,Delivered,PayPal,3790.74
O0819,C0921,P0374,3,2024-12-26,Returned,Net Banking,860.54
O0820,C0023,P0541,9,2024-06-15,Cancelled,Credit Card,2665.12
O0821,C0150,P0603,9,2024-05-01,Returned,Credit Card,4404.41
O0822,C0060,P0891,4,2024-05-14,Delivered,Net Banking,3881.54
O0823,C0500,P0179,8,2024-05-06,Processing,PayPal,351.59
O0824,C0710,P0235,7,2024-10-20,Returned,Net Banking,4065.67
O0825,C0309,P0627,5,2024-05-10,Returned,Debit Card,645.03
O0826,C0999,P0562,10,2024-08-28,Cancelled,Net Banking,2922.9
O0827,C0636,P0901,2,2024-04-27,Cancelled,Debit Card,3661.57
O0828,C0588,P0654,7,2024-12-27,Cancelled,PayPal,884.95
O0829,C0160,P0640,8,2024-04-18,Returned,Net Banking,2562.38
O0830,C0828,P0476,3,2024-11-11,Returned,Net Banking,4236.37
O0831,C0432,P0371,1,2024-06-27,Processing,Credit Card,2193.39
O0832,C0962,P0321,10,2024-08-04,Delivered,Debit Card,2866.41
O0833,C0266,P0458,3,2024-12-09,Cancelled,PayPal,330.15
O0834,C0268,P0822,7,2024-11-25,Delivered,PayPal,464.53
O0835,C0064,P0997,5,2024-03-20,Delivered,Net Banking,2445.9
O0836,C0312,P0688,4,2024-09-17,Returned,Debit Card,60.96
O0837,C0653,P0599,9,2024-07-29,Delivered,Credit Card,2550.98
O0838,C0661,P0279,8,2024-11-14,Processing,Debit Card,1647.32
O0839,C0709,P0667,5,2024-12-22,Delivered,PayPal,3977.57
O0840,C0317,P0491,4,2024-06-18,Cancelled,Net Banking,3733.29
O0841,C0933,P0175,4,2024-11-20,Processing,PayPal,434.37
O0842,C0961,P0566,4,2024-04-27,Delivered,PayPal,627.7
O0843,C0369,P0714,5,2024-02-13,Cancelled,Credit Card,3871.4
O0844,C0639,P0374,3,2024-03-01,Cancelled,Net Banking,565.53
O0845,C0485,P0676,1,2024-10-13,Processing,Credit Card,4363.8
O0846,C0741,P0858,4,2024-03-12,Returned,Debit Card,4475.58
O0847,C0550,P0195,5,2024-08-16,Returned,Debit Card,3580.88
O0848,C0099,P0053,4,2024-03-05,Cancelled,PayPal,4916.61
O0849,C0246,P0700,4,2024-10-30,Cancelled,PayPal,2507.93
O0850,C0831,P0048,9,2024-12-14,Returned,Credit Card,504.01
O0851,C0717,P0707,7,2024-07-30,Returned,PayPal,4073.06
O0852,C0160,P0847,10,2024-04-13,Returned,Credit Card,2709.57
O0853,C0454,P0647,5,2024-09-28,Delivered,Debit Card,3905.73
O0854,C0491,P0493,10,2024-12-30,Processing,PayPal,270.61
O0855,C0964,P0333,9,2024-08-27,Delivered,Debit Card,1265.13
O0856,C0888,P0477,9,2024-03-10,Returned,Debit Card,4779.46
O0857,C0437,P0081,6,2024-04-08,Delivered,Credit Card,1157.1
O0858,C0563,P0536,8,2024-09-17,Cancelled,Net Banking,3717.54
O0859,C0348,P0152,6,2024-04-11,Processing,Credit Card,2440.67
O0860,C0139,P0023,2,2024-05-02,Cancelled,Debit Card,1944.88
O0861,C0638,P0443,6,2024-12-10,Returned,Net Banking,1456.1
O0862,C0744,P0091,5,2024-12-18,Returned,Credit Card,1093.79
O0863,C0653,P0069,10,2024-03-10,Delivered,Net Banking,11.4
O0864,C0840,P0445,7,2024-08-07,Processing,Credit Card,339.49
O0865,C0701,P0104,4,2024-11-26,Cancelled,Debit Card,461.87
O0866,C0444,P0792,1,2024-11-27,Cancelled,Debit Card,297.97
O0867,C0538,P0727,4,2024-10-06,Delivered,Net Banking,4378.15
O0868,C0286,P0632,2,2024-09-14,Returned,Credit Card,1148.57
O0869,C0934,P0828,7,2024-02-24,Cancelled,PayPal,1514.54
O0870,C0698,P0530,7,2024-11-05,Cancelled,PayPal,2565.04
O0871,C0465,P0109,9,2024-04-24,Returned,Credit Card,3714.06
O0872,C0667,P0732,6,2024-08-25,Returned,Net Banking,2830.37
O0873,C0540,P0431,6,2024-02-10,Processing,Debit Card,1297.07
O0874,C0587,P0766,8,2024-04-12,Delivered,Credit Card,1412.33
O0875,C0936,P0931,3,2024-01-10,Returned,Net Banking,1341.68
O0876,C0919,P0269,8,2024-10-25,Delivered,PayPal,1536.82
O0877,C0404,P0578,7,2024-11-20,Cancelled,Debit Card,2296.99
O0878,C0512,P0844,5,2024-07-22,Processing,PayPal,3282.4
O0879,C0769,P0697,3,2024-05-25,Delivered,Credit Card,3133.87
O0880,C0821,P0135,1,2024-04-16,Cancelled,Credit Card,2558.2
O0881,C0952,P0810,7,2024-05-23,Delivered,Net Banking,613.09
O0882,C0089,P0044,2,2024-02-12,Returned,Net Banking,4312.6
O0883,C0562,P0293,3,2024-02-13,Processing,Credit Card,4223.1
O0884,C0319,P0523,10,2024-09-28,Processing,Credit Card,4241.99
O0885,C0646,P0633,10,2024-01-10,Returned,Credit Card,1451.62
O0886,C0408,P0549,1,2024-06-14,Processing,PayPal,4027.92
O0887,C0312,P0793,4,2024-01-20,Delivered,Debit Card,1870.59
O0888,C0332,P0199,5,2024-04-09,Delivered,Debit Card,3429.16
O0889,C0986,P0840,10,2024-03-01,Delivered,PayPal,4718.0
O0890,C0774,P0652,8,2024-12-01,Delivered,PayPal,2020.76
O0891,C0945,P0353,4,2024-08-10,Delivered,Debit Card,4955.23
O0892,C0726,P0642,9,2024-04-20,Delivered,PayPal,1377.8
O0893,C0077,P0990,10,2024-11-30,Processing,Net Banking,3512.72
O0894,C0964,P0508,10,2024-02-21,Processing,Debit Card,1235.64
O0895,C0097,P0315,8,2024-08-11,Cancelled,Debit Card,4595.28
O0896,C0564,P0010,7,2024-06-27,Cancelled,Net Banking,3670.95
O0897,C0074,P0382,5,2024-05-10,Cancelled,Debit Card,4723.45
O0898,C0970,P0861,7,2024-01-24,Processing,Debit Card,75.02
O0899,C0224,P0871,7,2024-05-03,Processing,PayPal,62.83
O0900,C0616,P0722,6,2024-05-23,Processing,PayPal,1460.01
O0901,C0062,P0042,4,2024-04-13,Processing,Debit Card,1677.37
O0902,C0152,P0560,3,2024-11-04,Cancelled,Debit Card,215.17
O0903,C0594,P0417,3,2024-08-26,Processing,Debit Card,394.31
O0904,C0643,P0513,8,2024-02-10,Delivered,PayPal,1615.82
O0905,C0379,P0071,3,2024-02-12,Cancelled,Debit Card,3290.49
O0906,C0433,P0406,3,2024-08-03,Returned,PayPal,3438.06
O0907,C0559,P0018,10,2024-06-28,Delivered,Net Banking,4283.19
O0908,C0515,P0025,1,2024-08-11,Returned,Debit Card,851.92
O0909,C0516,P0347,9,2024-10-19,Processing,Credit Card,3578.23
O0910,C0738,P0066,3,2024-03-11,Cancelled,PayPal,1108.48
O0911,C0559,P0520,5,2024-11-13,Processing,Debit Card,2743.16
O0912,C0333,P0350,4,2024-08-14,Processing,Net Banking,3167.92
O0913,C0605,P0986,8,2024-06-26,Returned,Net Banking,138.96
O0914,C0574,P0080,3,2024-04-23,Delivered,Debit Card,2994.18
O0915,C0763,P0126,4,2024-02-23,Delivered,Net Banking,4873.18
O0916,C0982,P0446,10,2024-05-18,Returned,Credit Card,4971.84
O0917,C0638,P0316,5,2024-07-04,Cancelled,Credit Card,4355.93
O0918,C0037,P0838,3,2024-07-06,Processing,Credit Card,2945.07
O0919,C0213,P0206,10,2024-06-08,Cancelled,Debit Card,3162.34
O0920,C0252,P0529,2,2024-03-20,Cancelled,PayPal,1316.36
O0921,C0287,P0615,6,2024-12-20,Processing,PayPal,4136.24
O0922,C0470,P0179,2,2024-01-15,Processing,Credit Card,4449.49
O0923,C0071,P0116,6,2024-04-07,Delivered,Credit Card,1963.33
O0924,C0429,P0952,8,2024-12-03,Cancelled,Debit Card,2780.96
O0925,C0319,P0495,6,2024-04-03,Returned,Net Banking,1181.4
O0926,C0260,P0349,8,2024-09-25,Returned,Net Banking,2196.1
O0927,C0790,P0643,6,2024-09-17,Cancelled,PayPal,4362.31
O0928,C0909,P0320,9,2024-05-18,Returned,Net Banking,3663.33
O0929,C0498,P0810,1,2024-10-30,Cancelled,Debit Card,1591.33
O0930,C0980,P0742,10,2024-04-03,Processing,Debit Card,1473.87
O0931,C0480,P0912,5,2025-01-03,Returned,Credit Card,359.05
O0932,C0884,P0105,5,2024-11-25,Processing,Net Banking,1901.26
O0933,C0759,P0871,6,2024-05-25,Processing,Credit Card,3398.01
O0934,C0231,P0067,7,2024-06-18,Cancelled,PayPal,1611.63
O0935,C0710,P0116,5,2025-01-05,Processing,Credit Card,3647.83
O0936,C0898,P0734,3,2024-05-01,Cancelled,Credit Card,1642.5
O0937,C0882,P0266,10,2024-09-30,Processing,Credit Card,3191.45
O0938,C0159,P0612,7,2024-11-23,Returned,Debit Card,687.25
O0939,C0107,P0827,7,2024-08-23,Processing,Debit Card,756.72
O0940,C0579,P0336,8,2024-09-30,Processing,Net Banking,4273.01
O0941,C0847,P0266,9,2024-08-15,Delivered,Credit Card,4112.09
O0942,C0986,P0060,7,2024-02-22,Cancelled,PayPal,940.06
O0943,C0262,P0331,1,2024-10-04,Returned,Credit Card,1111.3
O0944,C0274,P0052,8,2024-01-18,Cancelled,PayPal,4541.23
O0945,C0395,P0879,6,2024-11-29,Delivered,PayPal,905.98
O0946,C0007,P0746,9,2024-08-13,Returned,Debit Card,4575.75
O0947,C0763,P0056,4,2024-10-14,Processing,Net Banking,4144.15
O0948,C0008,P0002,7,2024-04-18,Delivered,Net Banking,1096.29
O0949,C0293,P0019,6,2024-02-02,Delivered,Net Banking,2978.2
O0950,C0171,P0161,2,2024-01-28,Processing,Debit Card,993.21
O0951,C0285,P0769,5,2024-06-06,Cancelled,Credit Card,2222.66
O0952,C0457,P0082,4,2024-10-16,Delivered,Credit Card,4353.12
O0953,C0496,P0987,1,2024-11-18,Returned,PayPal,4475.91
O0954,C0860,P0403,5,2024-11-17,Returned,Debit Card,2761.17
O0955,C0816,P0625,4,2024-06-17,Cancelled,PayPal,1849.24
O0956,C0187,P0075,8,2024-02-19,Delivered,Debit Card,2375.29
O0957,C0955,P0343,10,2024-10-31,Cancelled,PayPal,3452.58
O0958,C0075,P0199,2,2024-11-26,Processing,Debit Card,4138.03
O0959,C0289,P0837,7,2024-06-21,Cancelled,Debit Card,1340.8
O0960,C0039,P0741,6,2024-03-22,Delivered,Net Banking,4452.62
O0961,C0365,P0821,1,2024-10-05,Processing,PayPal,100.47
O0962,C0822,P0447,3,2024-12-31,Returned,PayPal,635.82
O0963,C0139,P0017,5,2024-04-18,Delivered,Net Banking,4918.88
O0964,C0713,P0690,7,2024-11-20,Returned,PayPal,3099.21
O0965,C0939,P0983,2,2024-03-17,Returned,PayPal,485.22
O0966,C0989,P0613,6,2024-05-03,Delivered,Debit Card,201.53
O0967,C0164,P0189,5,2024-02-10,Returned,Credit Card,2968.99
O0968,C0879,P0472,7,2024-10-30,Returned,Credit Card,3764.87
O0969,C0856,P0186,3,2024-08-20,Processing,Net Banking,982.1
O0970,C0017,P0045,1,2024-01-07,Delivered,Credit Card,1858.67
O0971,C0465,P0393,3,2024-02-14,Cancelled,Debit Card,1733.7
O0972,C0256,P0427,1,2024-10-03,Cancelled,Debit Card,3289.89
O0973,C0913,P0425,10,2024-08-26,Cancelled,PayPal,817.82
O0974,C0031,P0175,4,2024-02-14,Processing,Debit Card,872.77
O0975,C0172,P0418,4,2024-03-03,Delivered,Credit Card,810.97
O0976,C0976,P0575,5,2024-05-08,Cancelled,PayPal,865.87
O0977,C0152,P0695,7,2024-09-25,Processing,Net Banking,2880.58
O0978,C0233,P0127,5,2024-12-19,Returned,Net Banking,2798.14
O0979,C0311,P0904,6,2024-06-19,Cancelled,Debit Card,1036.7
O0980,C0086,P0666,1,2024-07-22,Processing,Net Banking,3445.49
O0981,C0705,P0995,4,2024-08-21,Delivered,Credit Card,4577.66
O0982,C0030,P0082,10,2024-12-25,Cancelled,Net Banking,3297.97
O0983,C0220,P0066,10,2024-10-31,Delivered,Credit Card,425.01
O0984,C0902,P0785,1,2024-10-08,Returned,Net Banking,2936.15
O0985,C0986,P0032,6,2024-10-14,Processing,Debit Card,2347.48
O0986,C0824,P0337,2,2024-01-31,Cancelled,Net Banking,1275.52
O0987,C0040,P0323,1,2024-09-08,Returned,Net Banking,1018.69
O0988,C0573,P0759,5,2024-05-20,Returned,PayPal,4667.88
O0989,C0659,P0740,3,2024-12-24,Processing,Debit Card,3405.39
O0990,C0105,P0685,7,2024-04-21,Cancelled,Credit Card,2323.81
O0991,C0824,P0549,4,2024-12-21,Processing,Net Banking,1077.75
O0992,C0946,P0210,2,2024-03-18,Returned,Net Banking,1208.71
O0993,C0005,P0524,3,2024-04-05,Processing,Net Banking,727.45
O0994,C0411,P0130,3,2024-08-19,Returned,Debit Card,4764.23
O0995,C0639,P0131,7,2024-07-12,Returned,Debit Card,3104.98
O0996,C0568,P0124,7,2024-10-07,Returned,Credit Card,3694.7
O0997,C0632,P0795,1,2024-07-03,Processing,Credit Card,4210.27
O0998,C0699,P0921,2,2024-10-20,Returned,Credit Card,3297.37
O0999,C0617,P0098,2,2024-12-22,Cancelled,Credit Card,256.89
O1000,C0596,P0375,7,2024-11-03,Cancelled,Credit Card,2366.06
